date,region,platform,category,value_percent
2019-01-01,Portugal,Chrome,browser,58.75
2019-02-01,Portugal,Chrome,browser,59.26
2019-03-01,Portugal,Chrome,browser,58.93
2019-04-01,Portugal,Chrome,browser,58.16
2019-05-01,Portugal,Chrome,browser,55.09
2019-06-01,Portugal,Chrome,browser,58.81
2019-07-01,Portugal,Chrome,browser,54.89
2019-08-01,Portugal,Chrome,browser,53.36
2019-09-01,Portugal,Chrome,browser,49.15
2019-10-01,Portugal,Chrome,browser,49.56
2019-11-01,Portugal,Chrome,browser,52.57
2019-12-01,Portugal,Chrome,browser,51.47
2020-01-01,Portugal,Chrome,browser,53.58
2020-02-01,Portugal,Chrome,browser,55.03
2020-03-01,Portugal,Chrome,browser,58.84
2020-04-01,Portugal,Chrome,browser,61.47
2020-05-01,Portugal,Chrome,browser,58.8
2020-06-01,Portugal,Chrome,browser,58.36
2020-07-01,Portugal,Chrome,browser,53.65
2020-08-01,Portugal,Chrome,browser,52.66
2020-09-01,Portugal,Chrome,browser,49.62
2020-10-01,Portugal,Chrome,browser,53.0
2020-11-01,Portugal,Chrome,browser,51.09
2020-12-01,Portugal,Chrome,browser,53.64
2021-01-01,Portugal,Chrome,browser,52.18
2021-02-01,Portugal,Chrome,browser,57.49
2021-03-01,Portugal,Chrome,browser,55.52
2021-04-01,Portugal,Chrome,browser,61.19
2021-05-01,Portugal,Chrome,browser,58.43
2021-06-01,Portugal,Chrome,browser,57.42
2021-07-01,Portugal,Chrome,browser,53.0
2021-08-01,Portugal,Chrome,browser,51.16
2021-09-01,Portugal,Chrome,browser,51.0
2021-10-01,Portugal,Chrome,browser,48.59
2021-11-01,Portugal,Chrome,browser,51.04
2021-12-01,Portugal,Chrome,browser,50.41
2022-01-01,Portugal,Chrome,browser,52.27
2022-02-01,Portugal,Chrome,browser,55.73
2022-03-01,Portugal,Chrome,browser,56.19
2022-04-01,Portugal,Chrome,browser,57.04
2022-05-01,Portugal,Chrome,browser,58.38
2022-06-01,Portugal,Chrome,browser,55.14
2022-07-01,Portugal,Chrome,browser,55.81
2022-08-01,Portugal,Chrome,browser,50.05
2022-09-01,Portugal,Chrome,browser,49.24
2022-10-01,Portugal,Chrome,browser,47.04
2022-11-01,Portugal,Chrome,browser,52.88
2022-12-01,Portugal,Chrome,browser,49.79
2023-01-01,Portugal,Chrome,browser,53.16
2023-02-01,Portugal,Chrome,browser,55.83
2023-03-01,Portugal,Chrome,browser,58.18
2023-04-01,Portugal,Chrome,browser,57.32
2023-05-01,Portugal,Chrome,browser,57.28
2023-06-01,Portugal,Chrome,browser,55.74
2023-07-01,Portugal,Chrome,browser,56.43
2023-08-01,Portugal,Chrome,browser,51.3
2023-09-01,Portugal,Chrome,browser,52.43
2023-10-01,Portugal,Chrome,browser,48.85
2023-11-01,Portugal,Chrome,browser,48.02
2023-12-01,Portugal,Chrome,browser,48.42
2024-01-01,Portugal,Chrome,browser,51.57
2024-02-01,Portugal,Chrome,browser,51.83
2024-03-01,Portugal,Chrome,browser,53.08
2024-04-01,Portugal,Chrome,browser,55.77
2024-05-01,Portugal,Chrome,browser,56.43
2024-06-01,Portugal,Chrome,browser,53.76
2024-07-01,Portugal,Chrome,browser,50.78
2024-08-01,Portugal,Chrome,browser,49.0
2024-09-01,Portugal,Chrome,browser,52.52
2024-10-01,Portugal,Chrome,browser,49.28
2024-11-01,Portugal,Chrome,browser,51.6
2024-12-01,Portugal,Chrome,browser,49.83
2025-01-01,Portugal,Chrome,browser,52.1
2025-02-01,Portugal,Chrome,browser,56.54
2025-03-01,Portugal,Chrome,browser,57.65
2025-04-01,Portugal,Chrome,browser,55.4
2025-05-01,Portugal,Chrome,browser,56.97
2025-06-01,Portugal,Chrome,browser,54.95
2025-07-01,Portugal,Chrome,browser,52.91
2025-08-01,Portugal,Chrome,browser,49.85
2025-09-01,Portugal,Chrome,browser,49.6
2025-10-01,Portugal,Chrome,browser,46.79
2025-11-01,Portugal,Chrome,browser,49.53
2025-12-01,Portugal,Chrome,browser,51.42
2026-01-01,Portugal,Chrome,browser,50.84
2026-02-01,Portugal,Chrome,browser,53.68
2026-03-01,Portugal,Chrome,browser,55.21
2026-04-01,Portugal,Chrome,browser,55.57
2026-05-01,Portugal,Chrome,browser,55.79
2026-06-01,Portugal,Chrome,browser,53.8
2019-01-01,Portugal,Safari,browser,18.7
2019-02-01,Portugal,Safari,browser,21.3
2019-03-01,Portugal,Safari,browser,19.68
2019-04-01,Portugal,Safari,browser,21.91
2019-05-01,Portugal,Safari,browser,18.29
2019-06-01,Portugal,Safari,browser,20.88
2019-07-01,Portugal,Safari,browser,20.43
2019-08-01,Portugal,Safari,browser,20.66
2019-09-01,Portugal,Safari,browser,16.33
2019-10-01,Portugal,Safari,browser,18.3
2019-11-01,Portugal,Safari,browser,18.95
2019-12-01,Portugal,Safari,browser,19.99
2020-01-01,Portugal,Safari,browser,18.39
2020-02-01,Portugal,Safari,browser,19.93
2020-03-01,Portugal,Safari,browser,21.47
2020-04-01,Portugal,Safari,browser,21.98
2020-05-01,Portugal,Safari,browser,21.44
2020-06-01,Portugal,Safari,browser,20.98
2020-07-01,Portugal,Safari,browser,19.81
2020-08-01,Portugal,Safari,browser,21.35
2020-09-01,Portugal,Safari,browser,19.44
2020-10-01,Portugal,Safari,browser,17.84
2020-11-01,Portugal,Safari,browser,20.73
2020-12-01,Portugal,Safari,browser,20.22
2021-01-01,Portugal,Safari,browser,17.92
2021-02-01,Portugal,Safari,browser,22.57
2021-03-01,Portugal,Safari,browser,22.65
2021-04-01,Portugal,Safari,browser,20.0
2021-05-01,Portugal,Safari,browser,22.84
2021-06-01,Portugal,Safari,browser,20.26
2021-07-01,Portugal,Safari,browser,22.22
2021-08-01,Portugal,Safari,browser,21.99
2021-09-01,Portugal,Safari,browser,20.1
2021-10-01,Portugal,Safari,browser,18.39
2021-11-01,Portugal,Safari,browser,19.59
2021-12-01,Portugal,Safari,browser,19.62
2022-01-01,Portugal,Safari,browser,18.63
2022-02-01,Portugal,Safari,browser,21.7
2022-03-01,Portugal,Safari,browser,19.76
2022-04-01,Portugal,Safari,browser,20.38
2022-05-01,Portugal,Safari,browser,19.34
2022-06-01,Portugal,Safari,browser,21.03
2022-07-01,Portugal,Safari,browser,19.72
2022-08-01,Portugal,Safari,browser,18.11
2022-09-01,Portugal,Safari,browser,17.65
2022-10-01,Portugal,Safari,browser,20.4
2022-11-01,Portugal,Safari,browser,17.16
2022-12-01,Portugal,Safari,browser,18.59
2023-01-01,Portugal,Safari,browser,21.88
2023-02-01,Portugal,Safari,browser,17.34
2023-03-01,Portugal,Safari,browser,23.8
2023-04-01,Portugal,Safari,browser,18.28
2023-05-01,Portugal,Safari,browser,20.03
2023-06-01,Portugal,Safari,browser,22.5
2023-07-01,Portugal,Safari,browser,20.19
2023-08-01,Portugal,Safari,browser,17.25
2023-09-01,Portugal,Safari,browser,19.42
2023-10-01,Portugal,Safari,browser,16.96
2023-11-01,Portugal,Safari,browser,16.17
2023-12-01,Portugal,Safari,browser,19.16
2024-01-01,Portugal,Safari,browser,20.27
2024-02-01,Portugal,Safari,browser,20.29
2024-03-01,Portugal,Safari,browser,20.92
2024-04-01,Portugal,Safari,browser,21.53
2024-05-01,Portugal,Safari,browser,21.34
2024-06-01,Portugal,Safari,browser,20.0
2024-07-01,Portugal,Safari,browser,20.9
2024-08-01,Portugal,Safari,browser,19.57
2024-09-01,Portugal,Safari,browser,19.67
2024-10-01,Portugal,Safari,browser,19.37
2024-11-01,Portugal,Safari,browser,19.14
2024-12-01,Portugal,Safari,browser,19.28
2025-01-01,Portugal,Safari,browser,20.17
2025-02-01,Portugal,Safari,browser,20.76
2025-03-01,Portugal,Safari,browser,20.46
2025-04-01,Portugal,Safari,browser,20.01
2025-05-01,Portugal,Safari,browser,20.61
2025-06-01,Portugal,Safari,browser,18.24
2025-07-01,Portugal,Safari,browser,18.99
2025-08-01,Portugal,Safari,browser,19.59
2025-09-01,Portugal,Safari,browser,17.27
2025-10-01,Portugal,Safari,browser,17.87
2025-11-01,Portugal,Safari,browser,16.5
2025-12-01,Portugal,Safari,browser,17.87
2026-01-01,Portugal,Safari,browser,19.07
2026-02-01,Portugal,Safari,browser,21.1
2026-03-01,Portugal,Safari,browser,20.43
2026-04-01,Portugal,Safari,browser,23.34
2026-05-01,Portugal,Safari,browser,21.71
2026-06-01,Portugal,Safari,browser,18.73
2019-01-01,Portugal,Edge,browser,7.85
2019-02-01,Portugal,Edge,browser,6.23
2019-03-01,Portugal,Edge,browser,7.32
2019-04-01,Portugal,Edge,browser,6.33
2019-05-01,Portugal,Edge,browser,9.91
2019-06-01,Portugal,Edge,browser,9.01
2019-07-01,Portugal,Edge,browser,7.53
2019-08-01,Portugal,Edge,browser,9.54
2019-09-01,Portugal,Edge,browser,7.22
2019-10-01,Portugal,Edge,browser,6.38
2019-11-01,Portugal,Edge,browser,8.39
2019-12-01,Portugal,Edge,browser,7.91
2020-01-01,Portugal,Edge,browser,9.59
2020-02-01,Portugal,Edge,browser,8.34
2020-03-01,Portugal,Edge,browser,10.49
2020-04-01,Portugal,Edge,browser,8.15
2020-05-01,Portugal,Edge,browser,8.75
2020-06-01,Portugal,Edge,browser,8.67
2020-07-01,Portugal,Edge,browser,9.33
2020-08-01,Portugal,Edge,browser,7.15
2020-09-01,Portugal,Edge,browser,6.4
2020-10-01,Portugal,Edge,browser,8.69
2020-11-01,Portugal,Edge,browser,8.36
2020-12-01,Portugal,Edge,browser,10.1
2021-01-01,Portugal,Edge,browser,8.02
2021-02-01,Portugal,Edge,browser,9.86
2021-03-01,Portugal,Edge,browser,7.42
2021-04-01,Portugal,Edge,browser,6.55
2021-05-01,Portugal,Edge,browser,8.45
2021-06-01,Portugal,Edge,browser,8.1
2021-07-01,Portugal,Edge,browser,7.08
2021-08-01,Portugal,Edge,browser,8.75
2021-09-01,Portugal,Edge,browser,8.36
2021-10-01,Portugal,Edge,browser,9.96
2021-11-01,Portugal,Edge,browser,7.16
2021-12-01,Portugal,Edge,browser,7.42
2022-01-01,Portugal,Edge,browser,12.67
2022-02-01,Portugal,Edge,browser,8.11
2022-03-01,Portugal,Edge,browser,8.96
2022-04-01,Portugal,Edge,browser,7.25
2022-05-01,Portugal,Edge,browser,12.74
2022-06-01,Portugal,Edge,browser,6.65
2022-07-01,Portugal,Edge,browser,10.58
2022-08-01,Portugal,Edge,browser,9.56
2022-09-01,Portugal,Edge,browser,7.07
2022-10-01,Portugal,Edge,browser,6.52
2022-11-01,Portugal,Edge,browser,7.3
2022-12-01,Portugal,Edge,browser,11.51
2023-01-01,Portugal,Edge,browser,10.37
2023-02-01,Portugal,Edge,browser,9.85
2023-03-01,Portugal,Edge,browser,9.65
2023-04-01,Portugal,Edge,browser,9.83
2023-05-01,Portugal,Edge,browser,11.31
2023-06-01,Portugal,Edge,browser,8.5
2023-07-01,Portugal,Edge,browser,8.69
2023-08-01,Portugal,Edge,browser,9.8
2023-09-01,Portugal,Edge,browser,5.6
2023-10-01,Portugal,Edge,browser,7.93
2023-11-01,Portugal,Edge,browser,10.35
2023-12-01,Portugal,Edge,browser,10.72
2024-01-01,Portugal,Edge,browser,10.76
2024-02-01,Portugal,Edge,browser,9.43
2024-03-01,Portugal,Edge,browser,9.55
2024-04-01,Portugal,Edge,browser,8.74
2024-05-01,Portugal,Edge,browser,9.87
2024-06-01,Portugal,Edge,browser,9.55
2024-07-01,Portugal,Edge,browser,9.11
2024-08-01,Portugal,Edge,browser,9.15
2024-09-01,Portugal,Edge,browser,8.81
2024-10-01,Portugal,Edge,browser,11.35
2024-11-01,Portugal,Edge,browser,11.06
2024-12-01,Portugal,Edge,browser,10.39
2025-01-01,Portugal,Edge,browser,12.18
2025-02-01,Portugal,Edge,browser,11.63
2025-03-01,Portugal,Edge,browser,10.31
2025-04-01,Portugal,Edge,browser,11.73
2025-05-01,Portugal,Edge,browser,10.88
2025-06-01,Portugal,Edge,browser,10.06
2025-07-01,Portugal,Edge,browser,6.82
2025-08-01,Portugal,Edge,browser,11.46
2025-09-01,Portugal,Edge,browser,7.19
2025-10-01,Portugal,Edge,browser,2.88
2025-11-01,Portugal,Edge,browser,8.76
2025-12-01,Portugal,Edge,browser,9.13
2026-01-01,Portugal,Edge,browser,8.66
2026-02-01,Portugal,Edge,browser,10.05
2026-03-01,Portugal,Edge,browser,9.8
2026-04-01,Portugal,Edge,browser,9.72
2026-05-01,Portugal,Edge,browser,8.71
2026-06-01,Portugal,Edge,browser,8.23
2019-01-01,Portugal,Firefox,browser,9.03
2019-02-01,Portugal,Firefox,browser,8.37
2019-03-01,Portugal,Firefox,browser,9.69
2019-04-01,Portugal,Firefox,browser,4.69
2019-05-01,Portugal,Firefox,browser,5.61
2019-06-01,Portugal,Firefox,browser,5.78
2019-07-01,Portugal,Firefox,browser,7.81
2019-08-01,Portugal,Firefox,browser,7.08
2019-09-01,Portugal,Firefox,browser,5.85
2019-10-01,Portugal,Firefox,browser,7.75
2019-11-01,Portugal,Firefox,browser,4.93
2019-12-01,Portugal,Firefox,browser,4.85
2020-01-01,Portugal,Firefox,browser,2.75
2020-02-01,Portugal,Firefox,browser,7.37
2020-03-01,Portugal,Firefox,browser,6.81
2020-04-01,Portugal,Firefox,browser,5.39
2020-05-01,Portugal,Firefox,browser,7.18
2020-06-01,Portugal,Firefox,browser,7.65
2020-07-01,Portugal,Firefox,browser,5.4
2020-08-01,Portugal,Firefox,browser,6.69
2020-09-01,Portugal,Firefox,browser,3.46
2020-10-01,Portugal,Firefox,browser,2.07
2020-11-01,Portugal,Firefox,browser,3.11
2020-12-01,Portugal,Firefox,browser,5.54
2021-01-01,Portugal,Firefox,browser,4.76
2021-02-01,Portugal,Firefox,browser,4.67
2021-03-01,Portugal,Firefox,browser,2.22
2021-04-01,Portugal,Firefox,browser,2.28
2021-05-01,Portugal,Firefox,browser,5.7
2021-06-01,Portugal,Firefox,browser,3.79
2021-07-01,Portugal,Firefox,browser,3.7
2021-08-01,Portugal,Firefox,browser,4.12
2021-09-01,Portugal,Firefox,browser,6.46
2021-10-01,Portugal,Firefox,browser,5.57
2021-11-01,Portugal,Firefox,browser,3.66
2021-12-01,Portugal,Firefox,browser,4.38
2022-01-01,Portugal,Firefox,browser,5.74
2022-02-01,Portugal,Firefox,browser,2.46
2022-03-01,Portugal,Firefox,browser,6.28
2022-04-01,Portugal,Firefox,browser,4.68
2022-05-01,Portugal,Firefox,browser,6.33
2022-06-01,Portugal,Firefox,browser,7.95
2022-07-01,Portugal,Firefox,browser,2.49
2022-08-01,Portugal,Firefox,browser,3.03
2022-09-01,Portugal,Firefox,browser,4.53
2022-10-01,Portugal,Firefox,browser,4.51
2022-11-01,Portugal,Firefox,browser,5.85
2022-12-01,Portugal,Firefox,browser,4.56
2023-01-01,Portugal,Firefox,browser,5.12
2023-02-01,Portugal,Firefox,browser,5.81
2023-03-01,Portugal,Firefox,browser,5.06
2023-04-01,Portugal,Firefox,browser,5.95
2023-05-01,Portugal,Firefox,browser,6.16
2023-06-01,Portugal,Firefox,browser,4.83
2023-07-01,Portugal,Firefox,browser,4.71
2023-08-01,Portugal,Firefox,browser,5.81
2023-09-01,Portugal,Firefox,browser,1.81
2023-10-01,Portugal,Firefox,browser,3.28
2023-11-01,Portugal,Firefox,browser,4.51
2023-12-01,Portugal,Firefox,browser,5.64
2024-01-01,Portugal,Firefox,browser,2.53
2024-02-01,Portugal,Firefox,browser,5.59
2024-03-01,Portugal,Firefox,browser,6.72
2024-04-01,Portugal,Firefox,browser,8.2
2024-05-01,Portugal,Firefox,browser,4.78
2024-06-01,Portugal,Firefox,browser,1.63
2024-07-01,Portugal,Firefox,browser,2.29
2024-08-01,Portugal,Firefox,browser,3.76
2024-09-01,Portugal,Firefox,browser,4.58
2024-10-01,Portugal,Firefox,browser,4.83
2024-11-01,Portugal,Firefox,browser,3.62
2024-12-01,Portugal,Firefox,browser,1.8
2025-01-01,Portugal,Firefox,browser,2.95
2025-02-01,Portugal,Firefox,browser,5.1
2025-03-01,Portugal,Firefox,browser,1.1
2025-04-01,Portugal,Firefox,browser,5.99
2025-05-01,Portugal,Firefox,browser,3.95
2025-06-01,Portugal,Firefox,browser,5.24
2025-07-01,Portugal,Firefox,browser,4.75
2025-08-01,Portugal,Firefox,browser,3.07
2025-09-01,Portugal,Firefox,browser,6.66
2025-10-01,Portugal,Firefox,browser,2.22
2025-11-01,Portugal,Firefox,browser,3.55
2025-12-01,Portugal,Firefox,browser,7.35
2026-01-01,Portugal,Firefox,browser,5.92
2026-02-01,Portugal,Firefox,browser,6.29
2026-03-01,Portugal,Firefox,browser,2.9
2026-04-01,Portugal,Firefox,browser,4.15
2026-05-01,Portugal,Firefox,browser,6.76
2026-06-01,Portugal,Firefox,browser,3.58
2019-01-01,Portugal,Samsung Internet,browser,8.44
2019-02-01,Portugal,Samsung Internet,browser,8.81
2019-03-01,Portugal,Samsung Internet,browser,7.19
2019-04-01,Portugal,Samsung Internet,browser,4.97
2019-05-01,Portugal,Samsung Internet,browser,9.71
2019-06-01,Portugal,Samsung Internet,browser,4.94
2019-07-01,Portugal,Samsung Internet,browser,4.68
2019-08-01,Portugal,Samsung Internet,browser,10.81
2019-09-01,Portugal,Samsung Internet,browser,7.71
2019-10-01,Portugal,Samsung Internet,browser,6.2
2019-11-01,Portugal,Samsung Internet,browser,6.66
2019-12-01,Portugal,Samsung Internet,browser,6.69
2020-01-01,Portugal,Samsung Internet,browser,5.6
2020-02-01,Portugal,Samsung Internet,browser,6.25
2020-03-01,Portugal,Samsung Internet,browser,7.89
2020-04-01,Portugal,Samsung Internet,browser,10.54
2020-05-01,Portugal,Samsung Internet,browser,7.89
2020-06-01,Portugal,Samsung Internet,browser,8.77
2020-07-01,Portugal,Samsung Internet,browser,7.09
2020-08-01,Portugal,Samsung Internet,browser,8.33
2020-09-01,Portugal,Samsung Internet,browser,8.09
2020-10-01,Portugal,Samsung Internet,browser,6.11
2020-11-01,Portugal,Samsung Internet,browser,6.5
2020-12-01,Portugal,Samsung Internet,browser,5.21
2021-01-01,Portugal,Samsung Internet,browser,4.64
2021-02-01,Portugal,Samsung Internet,browser,9.09
2021-03-01,Portugal,Samsung Internet,browser,5.8
2021-04-01,Portugal,Samsung Internet,browser,6.03
2021-05-01,Portugal,Samsung Internet,browser,9.32
2021-06-01,Portugal,Samsung Internet,browser,7.14
2021-07-01,Portugal,Samsung Internet,browser,8.54
2021-08-01,Portugal,Samsung Internet,browser,6.94
2021-09-01,Portugal,Samsung Internet,browser,5.04
2021-10-01,Portugal,Samsung Internet,browser,6.88
2021-11-01,Portugal,Samsung Internet,browser,5.33
2021-12-01,Portugal,Samsung Internet,browser,8.36
2022-01-01,Portugal,Samsung Internet,browser,7.36
2022-02-01,Portugal,Samsung Internet,browser,7.13
2022-03-01,Portugal,Samsung Internet,browser,7.11
2022-04-01,Portugal,Samsung Internet,browser,8.93
2022-05-01,Portugal,Samsung Internet,browser,7.06
2022-06-01,Portugal,Samsung Internet,browser,8.14
2022-07-01,Portugal,Samsung Internet,browser,7.94
2022-08-01,Portugal,Samsung Internet,browser,8.5
2022-09-01,Portugal,Samsung Internet,browser,7.73
2022-10-01,Portugal,Samsung Internet,browser,6.67
2022-11-01,Portugal,Samsung Internet,browser,8.69
2022-12-01,Portugal,Samsung Internet,browser,7.64
2023-01-01,Portugal,Samsung Internet,browser,10.56
2023-02-01,Portugal,Samsung Internet,browser,9.63
2023-03-01,Portugal,Samsung Internet,browser,9.36
2023-04-01,Portugal,Samsung Internet,browser,6.91
2023-05-01,Portugal,Samsung Internet,browser,7.82
2023-06-01,Portugal,Samsung Internet,browser,6.65
2023-07-01,Portugal,Samsung Internet,browser,7.92
2023-08-01,Portugal,Samsung Internet,browser,8.35
2023-09-01,Portugal,Samsung Internet,browser,5.77
2023-10-01,Portugal,Samsung Internet,browser,6.14
2023-11-01,Portugal,Samsung Internet,browser,6.39
2023-12-01,Portugal,Samsung Internet,browser,7.4
2024-01-01,Portugal,Samsung Internet,browser,3.82
2024-02-01,Portugal,Samsung Internet,browser,6.19
2024-03-01,Portugal,Samsung Internet,browser,7.43
2024-04-01,Portugal,Samsung Internet,browser,6.61
2024-05-01,Portugal,Samsung Internet,browser,8.28
2024-06-01,Portugal,Samsung Internet,browser,9.34
2024-07-01,Portugal,Samsung Internet,browser,6.76
2024-08-01,Portugal,Samsung Internet,browser,6.6
2024-09-01,Portugal,Samsung Internet,browser,8.53
2024-10-01,Portugal,Samsung Internet,browser,5.3
2024-11-01,Portugal,Samsung Internet,browser,5.27
2024-12-01,Portugal,Samsung Internet,browser,8.11
2025-01-01,Portugal,Samsung Internet,browser,6.03
2025-02-01,Portugal,Samsung Internet,browser,9.84
2025-03-01,Portugal,Samsung Internet,browser,8.32
2025-04-01,Portugal,Samsung Internet,browser,7.24
2025-05-01,Portugal,Samsung Internet,browser,7.4
2025-06-01,Portugal,Samsung Internet,browser,10.07
2025-07-01,Portugal,Samsung Internet,browser,10.66
2025-08-01,Portugal,Samsung Internet,browser,6.63
2025-09-01,Portugal,Samsung Internet,browser,6.27
2025-10-01,Portugal,Samsung Internet,browser,8.08
2025-11-01,Portugal,Samsung Internet,browser,6.72
2025-12-01,Portugal,Samsung Internet,browser,9.09
2026-01-01,Portugal,Samsung Internet,browser,6.6
2026-02-01,Portugal,Samsung Internet,browser,5.49
2026-03-01,Portugal,Samsung Internet,browser,7.71
2026-04-01,Portugal,Samsung Internet,browser,10.52
2026-05-01,Portugal,Samsung Internet,browser,7.7
2026-06-01,Portugal,Samsung Internet,browser,8.24
2019-01-01,Portugal,Opera,browser,4.38
2019-02-01,Portugal,Opera,browser,2.33
2019-03-01,Portugal,Opera,browser,5.65
2019-04-01,Portugal,Opera,browser,4.42
2019-05-01,Portugal,Opera,browser,3.46
2019-06-01,Portugal,Opera,browser,4.78
2019-07-01,Portugal,Opera,browser,4.28
2019-08-01,Portugal,Opera,browser,6.27
2019-09-01,Portugal,Opera,browser,4.18
2019-10-01,Portugal,Opera,browser,4.95
2019-11-01,Portugal,Opera,browser,4.64
2019-12-01,Portugal,Opera,browser,4.06
2020-01-01,Portugal,Opera,browser,1.74
2020-02-01,Portugal,Opera,browser,4.56
2020-03-01,Portugal,Opera,browser,1.61
2020-04-01,Portugal,Opera,browser,3.25
2020-05-01,Portugal,Opera,browser,3.85
2020-06-01,Portugal,Opera,browser,2.87
2020-07-01,Portugal,Opera,browser,2.75
2020-08-01,Portugal,Opera,browser,4.87
2020-09-01,Portugal,Opera,browser,3.64
2020-10-01,Portugal,Opera,browser,0.87
2020-11-01,Portugal,Opera,browser,3.69
2020-12-01,Portugal,Opera,browser,3.06
2021-01-01,Portugal,Opera,browser,3.95
2021-02-01,Portugal,Opera,browser,5.76
2021-03-01,Portugal,Opera,browser,5.85
2021-04-01,Portugal,Opera,browser,5.81
2021-05-01,Portugal,Opera,browser,2.9
2021-06-01,Portugal,Opera,browser,7.68
2021-07-01,Portugal,Opera,browser,6.81
2021-08-01,Portugal,Opera,browser,3.93
2021-09-01,Portugal,Opera,browser,6.32
2021-10-01,Portugal,Opera,browser,4.72
2021-11-01,Portugal,Opera,browser,5.54
2021-12-01,Portugal,Opera,browser,3.4
2022-01-01,Portugal,Opera,browser,4.14
2022-02-01,Portugal,Opera,browser,2.39
2022-03-01,Portugal,Opera,browser,3.79
2022-04-01,Portugal,Opera,browser,6.65
2022-05-01,Portugal,Opera,browser,3.78
2022-06-01,Portugal,Opera,browser,5.72
2022-07-01,Portugal,Opera,browser,2.85
2022-08-01,Portugal,Opera,browser,3.43
2022-09-01,Portugal,Opera,browser,4.74
2022-10-01,Portugal,Opera,browser,2.97
2022-11-01,Portugal,Opera,browser,6.87
2022-12-01,Portugal,Opera,browser,3.62
2023-01-01,Portugal,Opera,browser,0.5
2023-02-01,Portugal,Opera,browser,6.0
2023-03-01,Portugal,Opera,browser,4.21
2023-04-01,Portugal,Opera,browser,6.95
2023-05-01,Portugal,Opera,browser,3.31
2023-06-01,Portugal,Opera,browser,4.48
2023-07-01,Portugal,Opera,browser,5.11
2023-08-01,Portugal,Opera,browser,4.51
2023-09-01,Portugal,Opera,browser,2.88
2023-10-01,Portugal,Opera,browser,6.82
2023-11-01,Portugal,Opera,browser,4.57
2023-12-01,Portugal,Opera,browser,4.54
2024-01-01,Portugal,Opera,browser,7.67
2024-02-01,Portugal,Opera,browser,2.96
2024-03-01,Portugal,Opera,browser,4.0
2024-04-01,Portugal,Opera,browser,2.76
2024-05-01,Portugal,Opera,browser,6.86
2024-06-01,Portugal,Opera,browser,1.86
2024-07-01,Portugal,Opera,browser,3.19
2024-08-01,Portugal,Opera,browser,3.47
2024-09-01,Portugal,Opera,browser,4.01
2024-10-01,Portugal,Opera,browser,5.38
2024-11-01,Portugal,Opera,browser,6.32
2024-12-01,Portugal,Opera,browser,3.58
2025-01-01,Portugal,Opera,browser,5.12
2025-02-01,Portugal,Opera,browser,6.96
2025-03-01,Portugal,Opera,browser,3.73
2025-04-01,Portugal,Opera,browser,3.28
2025-05-01,Portugal,Opera,browser,5.22
2025-06-01,Portugal,Opera,browser,4.76
2025-07-01,Portugal,Opera,browser,3.61
2025-08-01,Portugal,Opera,browser,4.41
2025-09-01,Portugal,Opera,browser,7.83
2025-10-01,Portugal,Opera,browser,4.92
2025-11-01,Portugal,Opera,browser,5.67
2025-12-01,Portugal,Opera,browser,6.41
2026-01-01,Portugal,Opera,browser,3.94
2026-02-01,Portugal,Opera,browser,5.36
2026-03-01,Portugal,Opera,browser,8.08
2026-04-01,Portugal,Opera,browser,1.99
2026-05-01,Portugal,Opera,browser,2.42
2026-06-01,Portugal,Opera,browser,3.53
2019-01-01,United States,Chrome,browser,55.76
2019-02-01,United States,Chrome,browser,57.76
2019-03-01,United States,Chrome,browser,60.19
2019-04-01,United States,Chrome,browser,57.61
2019-05-01,United States,Chrome,browser,59.03
2019-06-01,United States,Chrome,browser,55.7
2019-07-01,United States,Chrome,browser,53.74
2019-08-01,United States,Chrome,browser,53.28
2019-09-01,United States,Chrome,browser,50.89
2019-10-01,United States,Chrome,browser,52.67
2019-11-01,United States,Chrome,browser,51.02
2019-12-01,United States,Chrome,browser,52.82
2020-01-01,United States,Chrome,browser,52.28
2020-02-01,United States,Chrome,browser,55.04
2020-03-01,United States,Chrome,browser,57.59
2020-04-01,United States,Chrome,browser,60.43
2020-05-01,United States,Chrome,browser,56.74
2020-06-01,United States,Chrome,browser,58.82
2020-07-01,United States,Chrome,browser,52.68
2020-08-01,United States,Chrome,browser,51.0
2020-09-01,United States,Chrome,browser,50.62
2020-10-01,United States,Chrome,browser,50.03
2020-11-01,United States,Chrome,browser,49.89
2020-12-01,United States,Chrome,browser,53.04
2021-01-01,United States,Chrome,browser,55.41
2021-02-01,United States,Chrome,browser,54.78
2021-03-01,United States,Chrome,browser,55.95
2021-04-01,United States,Chrome,browser,60.0
2021-05-01,United States,Chrome,browser,57.81
2021-06-01,United States,Chrome,browser,55.83
2021-07-01,United States,Chrome,browser,54.29
2021-08-01,United States,Chrome,browser,51.87
2021-09-01,United States,Chrome,browser,50.13
2021-10-01,United States,Chrome,browser,50.7
2021-11-01,United States,Chrome,browser,49.27
2021-12-01,United States,Chrome,browser,53.24
2022-01-01,United States,Chrome,browser,53.06
2022-02-01,United States,Chrome,browser,57.86
2022-03-01,United States,Chrome,browser,55.15
2022-04-01,United States,Chrome,browser,57.41
2022-05-01,United States,Chrome,browser,60.85
2022-06-01,United States,Chrome,browser,56.39
2022-07-01,United States,Chrome,browser,51.72
2022-08-01,United States,Chrome,browser,52.08
2022-09-01,United States,Chrome,browser,49.19
2022-10-01,United States,Chrome,browser,50.2
2022-11-01,United States,Chrome,browser,52.84
2022-12-01,United States,Chrome,browser,50.65
2023-01-01,United States,Chrome,browser,55.06
2023-02-01,United States,Chrome,browser,56.41
2023-03-01,United States,Chrome,browser,55.68
2023-04-01,United States,Chrome,browser,56.32
2023-05-01,United States,Chrome,browser,57.15
2023-06-01,United States,Chrome,browser,52.81
2023-07-01,United States,Chrome,browser,53.84
2023-08-01,United States,Chrome,browser,50.09
2023-09-01,United States,Chrome,browser,51.84
2023-10-01,United States,Chrome,browser,49.62
2023-11-01,United States,Chrome,browser,50.1
2023-12-01,United States,Chrome,browser,52.09
2024-01-01,United States,Chrome,browser,53.81
2024-02-01,United States,Chrome,browser,53.97
2024-03-01,United States,Chrome,browser,54.16
2024-04-01,United States,Chrome,browser,56.74
2024-05-01,United States,Chrome,browser,57.25
2024-06-01,United States,Chrome,browser,54.37
2024-07-01,United States,Chrome,browser,54.48
2024-08-01,United States,Chrome,browser,52.06
2024-09-01,United States,Chrome,browser,49.51
2024-10-01,United States,Chrome,browser,51.96
2024-11-01,United States,Chrome,browser,49.47
2024-12-01,United States,Chrome,browser,51.75
2025-01-01,United States,Chrome,browser,50.06
2025-02-01,United States,Chrome,browser,57.35
2025-03-01,United States,Chrome,browser,56.12
2025-04-01,United States,Chrome,browser,56.6
2025-05-01,United States,Chrome,browser,57.45
2025-06-01,United States,Chrome,browser,53.53
2025-07-01,United States,Chrome,browser,52.69
2025-08-01,United States,Chrome,browser,52.09
2025-09-01,United States,Chrome,browser,47.05
2025-10-01,United States,Chrome,browser,48.49
2025-11-01,United States,Chrome,browser,47.9
2025-12-01,United States,Chrome,browser,47.46
2026-01-01,United States,Chrome,browser,50.96
2026-02-01,United States,Chrome,browser,53.4
2026-03-01,United States,Chrome,browser,53.79
2026-04-01,United States,Chrome,browser,55.93
2026-05-01,United States,Chrome,browser,55.54
2026-06-01,United States,Chrome,browser,56.1
2019-01-01,United States,Safari,browser,19.36
2019-02-01,United States,Safari,browser,19.18
2019-03-01,United States,Safari,browser,19.8
2019-04-01,United States,Safari,browser,21.18
2019-05-01,United States,Safari,browser,21.12
2019-06-01,United States,Safari,browser,21.53
2019-07-01,United States,Safari,browser,20.94
2019-08-01,United States,Safari,browser,19.22
2019-09-01,United States,Safari,browser,18.57
2019-10-01,United States,Safari,browser,18.36
2019-11-01,United States,Safari,browser,18.42
2019-12-01,United States,Safari,browser,18.57
2020-01-01,United States,Safari,browser,21.11
2020-02-01,United States,Safari,browser,21.36
2020-03-01,United States,Safari,browser,19.77
2020-04-01,United States,Safari,browser,20.53
2020-05-01,United States,Safari,browser,22.33
2020-06-01,United States,Safari,browser,20.43
2020-07-01,United States,Safari,browser,18.8
2020-08-01,United States,Safari,browser,19.46
2020-09-01,United States,Safari,browser,18.89
2020-10-01,United States,Safari,browser,18.85
2020-11-01,United States,Safari,browser,20.79
2020-12-01,United States,Safari,browser,19.11
2021-01-01,United States,Safari,browser,20.52
2021-02-01,United States,Safari,browser,20.62
2021-03-01,United States,Safari,browser,21.16
2021-04-01,United States,Safari,browser,16.67
2021-05-01,United States,Safari,browser,21.2
2021-06-01,United States,Safari,browser,20.91
2021-07-01,United States,Safari,browser,19.57
2021-08-01,United States,Safari,browser,20.25
2021-09-01,United States,Safari,browser,22.81
2021-10-01,United States,Safari,browser,19.82
2021-11-01,United States,Safari,browser,18.1
2021-12-01,United States,Safari,browser,19.55
2022-01-01,United States,Safari,browser,20.05
2022-02-01,United States,Safari,browser,20.82
2022-03-01,United States,Safari,browser,19.22
2022-04-01,United States,Safari,browser,24.13
2022-05-01,United States,Safari,browser,20.9
2022-06-01,United States,Safari,browser,19.86
2022-07-01,United States,Safari,browser,19.4
2022-08-01,United States,Safari,browser,18.62
2022-09-01,United States,Safari,browser,19.09
2022-10-01,United States,Safari,browser,19.0
2022-11-01,United States,Safari,browser,20.86
2022-12-01,United States,Safari,browser,17.53
2023-01-01,United States,Safari,browser,21.1
2023-02-01,United States,Safari,browser,17.88
2023-03-01,United States,Safari,browser,20.68
2023-04-01,United States,Safari,browser,20.66
2023-05-01,United States,Safari,browser,23.33
2023-06-01,United States,Safari,browser,19.89
2023-07-01,United States,Safari,browser,19.75
2023-08-01,United States,Safari,browser,16.55
2023-09-01,United States,Safari,browser,18.94
2023-10-01,United States,Safari,browser,19.73
2023-11-01,United States,Safari,browser,18.64
2023-12-01,United States,Safari,browser,20.3
2024-01-01,United States,Safari,browser,21.61
2024-02-01,United States,Safari,browser,19.97
2024-03-01,United States,Safari,browser,19.4
2024-04-01,United States,Safari,browser,20.79
2024-05-01,United States,Safari,browser,22.17
2024-06-01,United States,Safari,browser,16.95
2024-07-01,United States,Safari,browser,19.1
2024-08-01,United States,Safari,browser,17.07
2024-09-01,United States,Safari,browser,17.3
2024-10-01,United States,Safari,browser,21.67
2024-11-01,United States,Safari,browser,17.61
2024-12-01,United States,Safari,browser,18.22
2025-01-01,United States,Safari,browser,19.26
2025-02-01,United States,Safari,browser,22.39
2025-03-01,United States,Safari,browser,20.78
2025-04-01,United States,Safari,browser,20.91
2025-05-01,United States,Safari,browser,19.11
2025-06-01,United States,Safari,browser,18.91
2025-07-01,United States,Safari,browser,21.1
2025-08-01,United States,Safari,browser,21.14
2025-09-01,United States,Safari,browser,16.75
2025-10-01,United States,Safari,browser,16.98
2025-11-01,United States,Safari,browser,20.02
2025-12-01,United States,Safari,browser,19.26
2026-01-01,United States,Safari,browser,20.54
2026-02-01,United States,Safari,browser,21.89
2026-03-01,United States,Safari,browser,21.69
2026-04-01,United States,Safari,browser,20.41
2026-05-01,United States,Safari,browser,22.62
2026-06-01,United States,Safari,browser,19.52
2019-01-01,United States,Edge,browser,5.42
2019-02-01,United States,Edge,browser,6.77
2019-03-01,United States,Edge,browser,11.19
2019-04-01,United States,Edge,browser,6.94
2019-05-01,United States,Edge,browser,8.73
2019-06-01,United States,Edge,browser,7.58
2019-07-01,United States,Edge,browser,10.24
2019-08-01,United States,Edge,browser,9.64
2019-09-01,United States,Edge,browser,9.53
2019-10-01,United States,Edge,browser,7.14
2019-11-01,United States,Edge,browser,7.45
2019-12-01,United States,Edge,browser,6.33
2020-01-01,United States,Edge,browser,6.98
2020-02-01,United States,Edge,browser,8.89
2020-03-01,United States,Edge,browser,10.8
2020-04-01,United States,Edge,browser,8.6
2020-05-01,United States,Edge,browser,11.43
2020-06-01,United States,Edge,browser,7.15
2020-07-01,United States,Edge,browser,10.0
2020-08-01,United States,Edge,browser,10.77
2020-09-01,United States,Edge,browser,4.69
2020-10-01,United States,Edge,browser,8.91
2020-11-01,United States,Edge,browser,6.85
2020-12-01,United States,Edge,browser,7.55
2021-01-01,United States,Edge,browser,8.92
2021-02-01,United States,Edge,browser,8.69
2021-03-01,United States,Edge,browser,11.44
2021-04-01,United States,Edge,browser,9.91
2021-05-01,United States,Edge,browser,8.52
2021-06-01,United States,Edge,browser,9.74
2021-07-01,United States,Edge,browser,7.9
2021-08-01,United States,Edge,browser,8.24
2021-09-01,United States,Edge,browser,10.35
2021-10-01,United States,Edge,browser,7.13
2021-11-01,United States,Edge,browser,7.05
2021-12-01,United States,Edge,browser,6.95
2022-01-01,United States,Edge,browser,7.51
2022-02-01,United States,Edge,browser,8.17
2022-03-01,United States,Edge,browser,10.72
2022-04-01,United States,Edge,browser,7.36
2022-05-01,United States,Edge,browser,11.51
2022-06-01,United States,Edge,browser,11.13
2022-07-01,United States,Edge,browser,5.63
2022-08-01,United States,Edge,browser,7.97
2022-09-01,United States,Edge,browser,8.84
2022-10-01,United States,Edge,browser,5.56
2022-11-01,United States,Edge,browser,6.65
2022-12-01,United States,Edge,browser,7.03
2023-01-01,United States,Edge,browser,11.49
2023-02-01,United States,Edge,browser,8.01
2023-03-01,United States,Edge,browser,11.61
2023-04-01,United States,Edge,browser,8.05
2023-05-01,United States,Edge,browser,10.04
2023-06-01,United States,Edge,browser,8.77
2023-07-01,United States,Edge,browser,9.95
2023-08-01,United States,Edge,browser,8.65
2023-09-01,United States,Edge,browser,9.31
2023-10-01,United States,Edge,browser,13.56
2023-11-01,United States,Edge,browser,7.76
2023-12-01,United States,Edge,browser,11.19
2024-01-01,United States,Edge,browser,10.68
2024-02-01,United States,Edge,browser,10.55
2024-03-01,United States,Edge,browser,8.39
2024-04-01,United States,Edge,browser,10.64
2024-05-01,United States,Edge,browser,10.03
2024-06-01,United States,Edge,browser,9.38
2024-07-01,United States,Edge,browser,7.71
2024-08-01,United States,Edge,browser,8.81
2024-09-01,United States,Edge,browser,8.96
2024-10-01,United States,Edge,browser,8.61
2024-11-01,United States,Edge,browser,8.49
2024-12-01,United States,Edge,browser,10.29
2025-01-01,United States,Edge,browser,8.56
2025-02-01,United States,Edge,browser,8.86
2025-03-01,United States,Edge,browser,11.6
2025-04-01,United States,Edge,browser,10.19
2025-05-01,United States,Edge,browser,8.43
2025-06-01,United States,Edge,browser,9.7
2025-07-01,United States,Edge,browser,9.96
2025-08-01,United States,Edge,browser,9.52
2025-09-01,United States,Edge,browser,10.56
2025-10-01,United States,Edge,browser,9.63
2025-11-01,United States,Edge,browser,9.29
2025-12-01,United States,Edge,browser,5.71
2026-01-01,United States,Edge,browser,9.58
2026-02-01,United States,Edge,browser,9.95
2026-03-01,United States,Edge,browser,11.4
2026-04-01,United States,Edge,browser,11.23
2026-05-01,United States,Edge,browser,8.09
2026-06-01,United States,Edge,browser,11.14
2019-01-01,United States,Firefox,browser,4.4
2019-02-01,United States,Firefox,browser,4.69
2019-03-01,United States,Firefox,browser,4.85
2019-04-01,United States,Firefox,browser,4.89
2019-05-01,United States,Firefox,browser,8.6
2019-06-01,United States,Firefox,browser,5.58
2019-07-01,United States,Firefox,browser,5.98
2019-08-01,United States,Firefox,browser,8.34
2019-09-01,United States,Firefox,browser,3.68
2019-10-01,United States,Firefox,browser,5.11
2019-11-01,United States,Firefox,browser,4.29
2019-12-01,United States,Firefox,browser,5.71
2020-01-01,United States,Firefox,browser,5.39
2020-02-01,United States,Firefox,browser,5.45
2020-03-01,United States,Firefox,browser,8.18
2020-04-01,United States,Firefox,browser,5.92
2020-05-01,United States,Firefox,browser,7.12
2020-06-01,United States,Firefox,browser,5.33
2020-07-01,United States,Firefox,browser,4.38
2020-08-01,United States,Firefox,browser,6.95
2020-09-01,United States,Firefox,browser,5.61
2020-10-01,United States,Firefox,browser,7.86
2020-11-01,United States,Firefox,browser,3.66
2020-12-01,United States,Firefox,browser,6.25
2021-01-01,United States,Firefox,browser,2.98
2021-02-01,United States,Firefox,browser,6.62
2021-03-01,United States,Firefox,browser,6.03
2021-04-01,United States,Firefox,browser,5.34
2021-05-01,United States,Firefox,browser,4.98
2021-06-01,United States,Firefox,browser,9.24
2021-07-01,United States,Firefox,browser,6.81
2021-08-01,United States,Firefox,browser,7.65
2021-09-01,United States,Firefox,browser,3.15
2021-10-01,United States,Firefox,browser,6.92
2021-11-01,United States,Firefox,browser,5.56
2021-12-01,United States,Firefox,browser,7.28
2022-01-01,United States,Firefox,browser,3.67
2022-02-01,United States,Firefox,browser,4.32
2022-03-01,United States,Firefox,browser,5.6
2022-04-01,United States,Firefox,browser,7.56
2022-05-01,United States,Firefox,browser,6.62
2022-06-01,United States,Firefox,browser,5.02
2022-07-01,United States,Firefox,browser,4.15
2022-08-01,United States,Firefox,browser,4.0
2022-09-01,United States,Firefox,browser,5.23
2022-10-01,United States,Firefox,browser,4.22
2022-11-01,United States,Firefox,browser,5.75
2022-12-01,United States,Firefox,browser,7.24
2023-01-01,United States,Firefox,browser,2.83
2023-02-01,United States,Firefox,browser,5.67
2023-03-01,United States,Firefox,browser,7.31
2023-04-01,United States,Firefox,browser,8.06
2023-05-01,United States,Firefox,browser,5.33
2023-06-01,United States,Firefox,browser,4.34
2023-07-01,United States,Firefox,browser,3.09
2023-08-01,United States,Firefox,browser,5.76
2023-09-01,United States,Firefox,browser,4.3
2023-10-01,United States,Firefox,browser,5.89
2023-11-01,United States,Firefox,browser,6.94
2023-12-01,United States,Firefox,browser,5.15
2024-01-01,United States,Firefox,browser,3.54
2024-02-01,United States,Firefox,browser,4.87
2024-03-01,United States,Firefox,browser,6.64
2024-04-01,United States,Firefox,browser,2.81
2024-05-01,United States,Firefox,browser,3.96
2024-06-01,United States,Firefox,browser,5.51
2024-07-01,United States,Firefox,browser,5.35
2024-08-01,United States,Firefox,browser,5.91
2024-09-01,United States,Firefox,browser,1.53
2024-10-01,United States,Firefox,browser,5.95
2024-11-01,United States,Firefox,browser,0.72
2024-12-01,United States,Firefox,browser,3.53
2025-01-01,United States,Firefox,browser,5.27
2025-02-01,United States,Firefox,browser,6.47
2025-03-01,United States,Firefox,browser,3.93
2025-04-01,United States,Firefox,browser,3.8
2025-05-01,United States,Firefox,browser,5.87
2025-06-01,United States,Firefox,browser,2.71
2025-07-01,United States,Firefox,browser,4.29
2025-08-01,United States,Firefox,browser,1.75
2025-09-01,United States,Firefox,browser,2.15
2025-10-01,United States,Firefox,browser,3.3
2025-11-01,United States,Firefox,browser,3.7
2025-12-01,United States,Firefox,browser,3.73
2026-01-01,United States,Firefox,browser,4.05
2026-02-01,United States,Firefox,browser,5.76
2026-03-01,United States,Firefox,browser,2.55
2026-04-01,United States,Firefox,browser,2.09
2026-05-01,United States,Firefox,browser,4.27
2026-06-01,United States,Firefox,browser,1.53
2019-01-01,United States,Samsung Internet,browser,8.97
2019-02-01,United States,Samsung Internet,browser,6.47
2019-03-01,United States,Samsung Internet,browser,8.24
2019-04-01,United States,Samsung Internet,browser,7.28
2019-05-01,United States,Samsung Internet,browser,9.82
2019-06-01,United States,Samsung Internet,browser,7.12
2019-07-01,United States,Samsung Internet,browser,3.65
2019-08-01,United States,Samsung Internet,browser,8.34
2019-09-01,United States,Samsung Internet,browser,8.36
2019-10-01,United States,Samsung Internet,browser,4.93
2019-11-01,United States,Samsung Internet,browser,6.28
2019-12-01,United States,Samsung Internet,browser,5.33
2020-01-01,United States,Samsung Internet,browser,6.15
2020-02-01,United States,Samsung Internet,browser,7.68
2020-03-01,United States,Samsung Internet,browser,6.07
2020-04-01,United States,Samsung Internet,browser,7.29
2020-05-01,United States,Samsung Internet,browser,8.77
2020-06-01,United States,Samsung Internet,browser,7.63
2020-07-01,United States,Samsung Internet,browser,7.04
2020-08-01,United States,Samsung Internet,browser,6.16
2020-09-01,United States,Samsung Internet,browser,6.29
2020-10-01,United States,Samsung Internet,browser,11.62
2020-11-01,United States,Samsung Internet,browser,3.06
2020-12-01,United States,Samsung Internet,browser,4.52
2021-01-01,United States,Samsung Internet,browser,10.14
2021-02-01,United States,Samsung Internet,browser,8.6
2021-03-01,United States,Samsung Internet,browser,7.45
2021-04-01,United States,Samsung Internet,browser,7.61
2021-05-01,United States,Samsung Internet,browser,5.4
2021-06-01,United States,Samsung Internet,browser,4.0
2021-07-01,United States,Samsung Internet,browser,4.45
2021-08-01,United States,Samsung Internet,browser,5.7
2021-09-01,United States,Samsung Internet,browser,6.49
2021-10-01,United States,Samsung Internet,browser,9.21
2021-11-01,United States,Samsung Internet,browser,6.77
2021-12-01,United States,Samsung Internet,browser,8.87
2022-01-01,United States,Samsung Internet,browser,8.46
2022-02-01,United States,Samsung Internet,browser,6.68
2022-03-01,United States,Samsung Internet,browser,6.49
2022-04-01,United States,Samsung Internet,browser,9.74
2022-05-01,United States,Samsung Internet,browser,6.52
2022-06-01,United States,Samsung Internet,browser,6.13
2022-07-01,United States,Samsung Internet,browser,3.92
2022-08-01,United States,Samsung Internet,browser,5.46
2022-09-01,United States,Samsung Internet,browser,5.33
2022-10-01,United States,Samsung Internet,browser,7.4
2022-11-01,United States,Samsung Internet,browser,7.92
2022-12-01,United States,Samsung Internet,browser,8.83
2023-01-01,United States,Samsung Internet,browser,9.54
2023-02-01,United States,Samsung Internet,browser,10.41
2023-03-01,United States,Samsung Internet,browser,8.46
2023-04-01,United States,Samsung Internet,browser,8.8
2023-05-01,United States,Samsung Internet,browser,8.22
2023-06-01,United States,Samsung Internet,browser,7.37
2023-07-01,United States,Samsung Internet,browser,8.1
2023-08-01,United States,Samsung Internet,browser,7.08
2023-09-01,United States,Samsung Internet,browser,6.12
2023-10-01,United States,Samsung Internet,browser,5.94
2023-11-01,United States,Samsung Internet,browser,7.48
2023-12-01,United States,Samsung Internet,browser,6.65
2024-01-01,United States,Samsung Internet,browser,8.18
2024-02-01,United States,Samsung Internet,browser,8.27
2024-03-01,United States,Samsung Internet,browser,8.04
2024-04-01,United States,Samsung Internet,browser,7.84
2024-05-01,United States,Samsung Internet,browser,9.62
2024-06-01,United States,Samsung Internet,browser,9.4
2024-07-01,United States,Samsung Internet,browser,6.98
2024-08-01,United States,Samsung Internet,browser,9.98
2024-09-01,United States,Samsung Internet,browser,3.41
2024-10-01,United States,Samsung Internet,browser,5.43
2024-11-01,United States,Samsung Internet,browser,6.76
2024-12-01,United States,Samsung Internet,browser,9.92
2025-01-01,United States,Samsung Internet,browser,7.94
2025-02-01,United States,Samsung Internet,browser,10.65
2025-03-01,United States,Samsung Internet,browser,7.68
2025-04-01,United States,Samsung Internet,browser,11.3
2025-05-01,United States,Samsung Internet,browser,6.75
2025-06-01,United States,Samsung Internet,browser,7.41
2025-07-01,United States,Samsung Internet,browser,9.42
2025-08-01,United States,Samsung Internet,browser,8.6
2025-09-01,United States,Samsung Internet,browser,5.92
2025-10-01,United States,Samsung Internet,browser,8.33
2025-11-01,United States,Samsung Internet,browser,5.95
2025-12-01,United States,Samsung Internet,browser,5.76
2026-01-01,United States,Samsung Internet,browser,7.14
2026-02-01,United States,Samsung Internet,browser,10.02
2026-03-01,United States,Samsung Internet,browser,7.72
2026-04-01,United States,Samsung Internet,browser,9.06
2026-05-01,United States,Samsung Internet,browser,7.93
2026-06-01,United States,Samsung Internet,browser,7.9
2019-01-01,United States,Opera,browser,3.65
2019-02-01,United States,Opera,browser,1.92
2019-03-01,United States,Opera,browser,3.21
2019-04-01,United States,Opera,browser,4.38
2019-05-01,United States,Opera,browser,4.86
2019-06-01,United States,Opera,browser,4.5
2019-07-01,United States,Opera,browser,3.43
2019-08-01,United States,Opera,browser,3.92
2019-09-01,United States,Opera,browser,3.13
2019-10-01,United States,Opera,browser,3.07
2019-11-01,United States,Opera,browser,3.41
2019-12-01,United States,Opera,browser,3.78
2020-01-01,United States,Opera,browser,3.09
2020-02-01,United States,Opera,browser,5.1
2020-03-01,United States,Opera,browser,4.66
2020-04-01,United States,Opera,browser,4.04
2020-05-01,United States,Opera,browser,5.72
2020-06-01,United States,Opera,browser,5.04
2020-07-01,United States,Opera,browser,4.34
2020-08-01,United States,Opera,browser,3.36
2020-09-01,United States,Opera,browser,3.8
2020-10-01,United States,Opera,browser,3.77
2020-11-01,United States,Opera,browser,2.84
2020-12-01,United States,Opera,browser,4.57
2021-01-01,United States,Opera,browser,4.03
2021-02-01,United States,Opera,browser,4.34
2021-03-01,United States,Opera,browser,5.44
2021-04-01,United States,Opera,browser,4.44
2021-05-01,United States,Opera,browser,3.07
2021-06-01,United States,Opera,browser,4.57
2021-07-01,United States,Opera,browser,3.21
2021-08-01,United States,Opera,browser,3.77
2021-09-01,United States,Opera,browser,3.69
2021-10-01,United States,Opera,browser,5.22
2021-11-01,United States,Opera,browser,1.53
2021-12-01,United States,Opera,browser,3.71
2022-01-01,United States,Opera,browser,5.16
2022-02-01,United States,Opera,browser,0.8
2022-03-01,United States,Opera,browser,1.29
2022-04-01,United States,Opera,browser,4.72
2022-05-01,United States,Opera,browser,4.18
2022-06-01,United States,Opera,browser,4.66
2022-07-01,United States,Opera,browser,2.57
2022-08-01,United States,Opera,browser,2.21
2022-09-01,United States,Opera,browser,6.55
2022-10-01,United States,Opera,browser,3.92
2022-11-01,United States,Opera,browser,4.13
2022-12-01,United States,Opera,browser,5.13
2023-01-01,United States,Opera,browser,3.29
2023-02-01,United States,Opera,browser,3.69
2023-03-01,United States,Opera,browser,7.33
2023-04-01,United States,Opera,browser,4.58
2023-05-01,United States,Opera,browser,7.1
2023-06-01,United States,Opera,browser,5.47
2023-07-01,United States,Opera,browser,2.92
2023-08-01,United States,Opera,browser,3.34
2023-09-01,United States,Opera,browser,6.52
2023-10-01,United States,Opera,browser,3.82
2023-11-01,United States,Opera,browser,4.7
2023-12-01,United States,Opera,browser,4.56
2024-01-01,United States,Opera,browser,2.45
2024-02-01,United States,Opera,browser,3.61
2024-03-01,United States,Opera,browser,6.12
2024-04-01,United States,Opera,browser,4.7
2024-05-01,United States,Opera,browser,2.84
2024-06-01,United States,Opera,browser,5.67
2024-07-01,United States,Opera,browser,3.96
2024-08-01,United States,Opera,browser,0.63
2024-09-01,United States,Opera,browser,2.88
2024-10-01,United States,Opera,browser,3.32
2024-11-01,United States,Opera,browser,2.58
2024-12-01,United States,Opera,browser,3.92
2025-01-01,United States,Opera,browser,4.28
2025-02-01,United States,Opera,browser,2.87
2025-03-01,United States,Opera,browser,4.54
2025-04-01,United States,Opera,browser,6.95
2025-05-01,United States,Opera,browser,5.36
2025-06-01,United States,Opera,browser,5.08
2025-07-01,United States,Opera,browser,6.9
2025-08-01,United States,Opera,browser,2.84
2025-09-01,United States,Opera,browser,5.91
2025-10-01,United States,Opera,browser,4.89
2025-11-01,United States,Opera,browser,4.82
2025-12-01,United States,Opera,browser,3.32
2026-01-01,United States,Opera,browser,2.95
2026-02-01,United States,Opera,browser,6.85
2026-03-01,United States,Opera,browser,2.24
2026-04-01,United States,Opera,browser,4.83
2026-05-01,United States,Opera,browser,6.06
2026-06-01,United States,Opera,browser,7.08
2019-01-01,Germany,Chrome,browser,54.43
2019-02-01,Germany,Chrome,browser,55.96
2019-03-01,Germany,Chrome,browser,57.49
2019-04-01,Germany,Chrome,browser,58.93
2019-05-01,Germany,Chrome,browser,60.37
2019-06-01,Germany,Chrome,browser,56.94
2019-07-01,Germany,Chrome,browser,55.35
2019-08-01,Germany,Chrome,browser,53.88
2019-09-01,Germany,Chrome,browser,51.25
2019-10-01,Germany,Chrome,browser,49.53
2019-11-01,Germany,Chrome,browser,51.3
2019-12-01,Germany,Chrome,browser,51.68
2020-01-01,Germany,Chrome,browser,55.12
2020-02-01,Germany,Chrome,browser,57.07
2020-03-01,Germany,Chrome,browser,56.91
2020-04-01,Germany,Chrome,browser,58.74
2020-05-01,Germany,Chrome,browser,57.92
2020-06-01,Germany,Chrome,browser,53.99
2020-07-01,Germany,Chrome,browser,53.47
2020-08-01,Germany,Chrome,browser,49.91
2020-09-01,Germany,Chrome,browser,50.9
2020-10-01,Germany,Chrome,browser,50.51
2020-11-01,Germany,Chrome,browser,51.54
2020-12-01,Germany,Chrome,browser,51.47
2021-01-01,Germany,Chrome,browser,53.27
2021-02-01,Germany,Chrome,browser,58.75
2021-03-01,Germany,Chrome,browser,57.59
2021-04-01,Germany,Chrome,browser,60.03
2021-05-01,Germany,Chrome,browser,57.88
2021-06-01,Germany,Chrome,browser,55.83
2021-07-01,Germany,Chrome,browser,55.39
2021-08-01,Germany,Chrome,browser,52.2
2021-09-01,Germany,Chrome,browser,52.07
2021-10-01,Germany,Chrome,browser,49.57
2021-11-01,Germany,Chrome,browser,51.92
2021-12-01,Germany,Chrome,browser,52.52
2022-01-01,Germany,Chrome,browser,52.19
2022-02-01,Germany,Chrome,browser,55.39
2022-03-01,Germany,Chrome,browser,58.41
2022-04-01,Germany,Chrome,browser,58.93
2022-05-01,Germany,Chrome,browser,55.95
2022-06-01,Germany,Chrome,browser,54.8
2022-07-01,Germany,Chrome,browser,52.72
2022-08-01,Germany,Chrome,browser,51.12
2022-09-01,Germany,Chrome,browser,47.51
2022-10-01,Germany,Chrome,browser,49.77
2022-11-01,Germany,Chrome,browser,50.43
2022-12-01,Germany,Chrome,browser,50.38
2023-01-01,Germany,Chrome,browser,54.87
2023-02-01,Germany,Chrome,browser,51.78
2023-03-01,Germany,Chrome,browser,59.55
2023-04-01,Germany,Chrome,browser,58.31
2023-05-01,Germany,Chrome,browser,57.32
2023-06-01,Germany,Chrome,browser,54.21
2023-07-01,Germany,Chrome,browser,53.92
2023-08-01,Germany,Chrome,browser,53.98
2023-09-01,Germany,Chrome,browser,50.87
2023-10-01,Germany,Chrome,browser,50.09
2023-11-01,Germany,Chrome,browser,49.08
2023-12-01,Germany,Chrome,browser,49.92
2024-01-01,Germany,Chrome,browser,52.51
2024-02-01,Germany,Chrome,browser,53.81
2024-03-01,Germany,Chrome,browser,55.02
2024-04-01,Germany,Chrome,browser,59.01
2024-05-01,Germany,Chrome,browser,52.56
2024-06-01,Germany,Chrome,browser,55.06
2024-07-01,Germany,Chrome,browser,57.03
2024-08-01,Germany,Chrome,browser,50.75
2024-09-01,Germany,Chrome,browser,52.53
2024-10-01,Germany,Chrome,browser,46.83
2024-11-01,Germany,Chrome,browser,49.47
2024-12-01,Germany,Chrome,browser,50.69
2025-01-01,Germany,Chrome,browser,52.37
2025-02-01,Germany,Chrome,browser,56.1
2025-03-01,Germany,Chrome,browser,54.71
2025-04-01,Germany,Chrome,browser,54.25
2025-05-01,Germany,Chrome,browser,53.73
2025-06-01,Germany,Chrome,browser,54.37
2025-07-01,Germany,Chrome,browser,50.83
2025-08-01,Germany,Chrome,browser,50.82
2025-09-01,Germany,Chrome,browser,49.72
2025-10-01,Germany,Chrome,browser,49.48
2025-11-01,Germany,Chrome,browser,47.76
2025-12-01,Germany,Chrome,browser,49.57
2026-01-01,Germany,Chrome,browser,53.47
2026-02-01,Germany,Chrome,browser,52.7
2026-03-01,Germany,Chrome,browser,56.15
2026-04-01,Germany,Chrome,browser,54.79
2026-05-01,Germany,Chrome,browser,56.9
2026-06-01,Germany,Chrome,browser,51.25
2019-01-01,Germany,Safari,browser,18.76
2019-02-01,Germany,Safari,browser,19.58
2019-03-01,Germany,Safari,browser,19.42
2019-04-01,Germany,Safari,browser,22.33
2019-05-01,Germany,Safari,browser,20.74
2019-06-01,Germany,Safari,browser,22.54
2019-07-01,Germany,Safari,browser,21.35
2019-08-01,Germany,Safari,browser,20.39
2019-09-01,Germany,Safari,browser,19.35
2019-10-01,Germany,Safari,browser,20.57
2019-11-01,Germany,Safari,browser,18.54
2019-12-01,Germany,Safari,browser,19.49
2020-01-01,Germany,Safari,browser,20.55
2020-02-01,Germany,Safari,browser,18.73
2020-03-01,Germany,Safari,browser,21.97
2020-04-01,Germany,Safari,browser,21.69
2020-05-01,Germany,Safari,browser,21.28
2020-06-01,Germany,Safari,browser,18.95
2020-07-01,Germany,Safari,browser,20.06
2020-08-01,Germany,Safari,browser,21.63
2020-09-01,Germany,Safari,browser,17.3
2020-10-01,Germany,Safari,browser,17.53
2020-11-01,Germany,Safari,browser,21.29
2020-12-01,Germany,Safari,browser,18.61
2021-01-01,Germany,Safari,browser,20.64
2021-02-01,Germany,Safari,browser,19.33
2021-03-01,Germany,Safari,browser,21.6
2021-04-01,Germany,Safari,browser,19.0
2021-05-01,Germany,Safari,browser,20.8
2021-06-01,Germany,Safari,browser,18.1
2021-07-01,Germany,Safari,browser,21.54
2021-08-01,Germany,Safari,browser,21.29
2021-09-01,Germany,Safari,browser,20.12
2021-10-01,Germany,Safari,browser,19.07
2021-11-01,Germany,Safari,browser,21.06
2021-12-01,Germany,Safari,browser,22.67
2022-01-01,Germany,Safari,browser,20.28
2022-02-01,Germany,Safari,browser,20.91
2022-03-01,Germany,Safari,browser,22.74
2022-04-01,Germany,Safari,browser,20.23
2022-05-01,Germany,Safari,browser,22.81
2022-06-01,Germany,Safari,browser,20.48
2022-07-01,Germany,Safari,browser,22.69
2022-08-01,Germany,Safari,browser,24.08
2022-09-01,Germany,Safari,browser,18.13
2022-10-01,Germany,Safari,browser,17.0
2022-11-01,Germany,Safari,browser,18.66
2022-12-01,Germany,Safari,browser,20.71
2023-01-01,Germany,Safari,browser,17.32
2023-02-01,Germany,Safari,browser,20.76
2023-03-01,Germany,Safari,browser,17.3
2023-04-01,Germany,Safari,browser,22.51
2023-05-01,Germany,Safari,browser,21.63
2023-06-01,Germany,Safari,browser,22.06
2023-07-01,Germany,Safari,browser,18.51
2023-08-01,Germany,Safari,browser,20.65
2023-09-01,Germany,Safari,browser,17.82
2023-10-01,Germany,Safari,browser,16.41
2023-11-01,Germany,Safari,browser,18.18
2023-12-01,Germany,Safari,browser,18.42
2024-01-01,Germany,Safari,browser,19.32
2024-02-01,Germany,Safari,browser,19.24
2024-03-01,Germany,Safari,browser,21.77
2024-04-01,Germany,Safari,browser,20.23
2024-05-01,Germany,Safari,browser,23.32
2024-06-01,Germany,Safari,browser,22.85
2024-07-01,Germany,Safari,browser,21.78
2024-08-01,Germany,Safari,browser,20.6
2024-09-01,Germany,Safari,browser,17.31
2024-10-01,Germany,Safari,browser,21.84
2024-11-01,Germany,Safari,browser,21.28
2024-12-01,Germany,Safari,browser,23.55
2025-01-01,Germany,Safari,browser,17.22
2025-02-01,Germany,Safari,browser,19.18
2025-03-01,Germany,Safari,browser,22.46
2025-04-01,Germany,Safari,browser,22.97
2025-05-01,Germany,Safari,browser,21.78
2025-06-01,Germany,Safari,browser,19.55
2025-07-01,Germany,Safari,browser,18.03
2025-08-01,Germany,Safari,browser,24.16
2025-09-01,Germany,Safari,browser,19.03
2025-10-01,Germany,Safari,browser,17.21
2025-11-01,Germany,Safari,browser,17.67
2025-12-01,Germany,Safari,browser,20.77
2026-01-01,Germany,Safari,browser,20.05
2026-02-01,Germany,Safari,browser,20.33
2026-03-01,Germany,Safari,browser,21.3
2026-04-01,Germany,Safari,browser,22.26
2026-05-01,Germany,Safari,browser,20.63
2026-06-01,Germany,Safari,browser,19.28
2019-01-01,Germany,Edge,browser,8.72
2019-02-01,Germany,Edge,browser,5.39
2019-03-01,Germany,Edge,browser,9.05
2019-04-01,Germany,Edge,browser,7.67
2019-05-01,Germany,Edge,browser,7.59
2019-06-01,Germany,Edge,browser,9.12
2019-07-01,Germany,Edge,browser,6.56
2019-08-01,Germany,Edge,browser,6.91
2019-09-01,Germany,Edge,browser,8.32
2019-10-01,Germany,Edge,browser,7.67
2019-11-01,Germany,Edge,browser,9.57
2019-12-01,Germany,Edge,browser,8.77
2020-01-01,Germany,Edge,browser,9.73
2020-02-01,Germany,Edge,browser,7.79
2020-03-01,Germany,Edge,browser,8.24
2020-04-01,Germany,Edge,browser,7.61
2020-05-01,Germany,Edge,browser,8.71
2020-06-01,Germany,Edge,browser,7.7
2020-07-01,Germany,Edge,browser,10.9
2020-08-01,Germany,Edge,browser,7.45
2020-09-01,Germany,Edge,browser,7.8
2020-10-01,Germany,Edge,browser,8.72
2020-11-01,Germany,Edge,browser,7.04
2020-12-01,Germany,Edge,browser,8.15
2021-01-01,Germany,Edge,browser,6.93
2021-02-01,Germany,Edge,browser,8.54
2021-03-01,Germany,Edge,browser,11.75
2021-04-01,Germany,Edge,browser,8.95
2021-05-01,Germany,Edge,browser,11.5
2021-06-01,Germany,Edge,browser,7.72
2021-07-01,Germany,Edge,browser,7.12
2021-08-01,Germany,Edge,browser,7.81
2021-09-01,Germany,Edge,browser,6.69
2021-10-01,Germany,Edge,browser,8.54
2021-11-01,Germany,Edge,browser,8.4
2021-12-01,Germany,Edge,browser,8.74
2022-01-01,Germany,Edge,browser,9.93
2022-02-01,Germany,Edge,browser,10.59
2022-03-01,Germany,Edge,browser,6.03
2022-04-01,Germany,Edge,browser,8.94
2022-05-01,Germany,Edge,browser,9.49
2022-06-01,Germany,Edge,browser,10.71
2022-07-01,Germany,Edge,browser,7.3
2022-08-01,Germany,Edge,browser,6.83
2022-09-01,Germany,Edge,browser,8.86
2022-10-01,Germany,Edge,browser,8.88
2022-11-01,Germany,Edge,browser,9.72
2022-12-01,Germany,Edge,browser,9.5
2023-01-01,Germany,Edge,browser,10.69
2023-02-01,Germany,Edge,browser,10.02
2023-03-01,Germany,Edge,browser,8.8
2023-04-01,Germany,Edge,browser,8.81
2023-05-01,Germany,Edge,browser,8.64
2023-06-01,Germany,Edge,browser,7.72
2023-07-01,Germany,Edge,browser,11.37
2023-08-01,Germany,Edge,browser,6.89
2023-09-01,Germany,Edge,browser,9.29
2023-10-01,Germany,Edge,browser,7.89
2023-11-01,Germany,Edge,browser,11.23
2023-12-01,Germany,Edge,browser,12.91
2024-01-01,Germany,Edge,browser,9.68
2024-02-01,Germany,Edge,browser,12.05
2024-03-01,Germany,Edge,browser,12.33
2024-04-01,Germany,Edge,browser,8.8
2024-05-01,Germany,Edge,browser,10.16
2024-06-01,Germany,Edge,browser,10.75
2024-07-01,Germany,Edge,browser,12.51
2024-08-01,Germany,Edge,browser,11.53
2024-09-01,Germany,Edge,browser,10.26
2024-10-01,Germany,Edge,browser,8.74
2024-11-01,Germany,Edge,browser,8.13
2024-12-01,Germany,Edge,browser,9.63
2025-01-01,Germany,Edge,browser,11.55
2025-02-01,Germany,Edge,browser,9.12
2025-03-01,Germany,Edge,browser,9.19
2025-04-01,Germany,Edge,browser,10.34
2025-05-01,Germany,Edge,browser,12.01
2025-06-01,Germany,Edge,browser,7.62
2025-07-01,Germany,Edge,browser,11.97
2025-08-01,Germany,Edge,browser,6.91
2025-09-01,Germany,Edge,browser,11.02
2025-10-01,Germany,Edge,browser,6.88
2025-11-01,Germany,Edge,browser,13.16
2025-12-01,Germany,Edge,browser,10.22
2026-01-01,Germany,Edge,browser,12.08
2026-02-01,Germany,Edge,browser,10.48
2026-03-01,Germany,Edge,browser,11.67
2026-04-01,Germany,Edge,browser,9.61
2026-05-01,Germany,Edge,browser,10.79
2026-06-01,Germany,Edge,browser,9.84
2019-01-01,Germany,Firefox,browser,6.69
2019-02-01,Germany,Firefox,browser,5.56
2019-03-01,Germany,Firefox,browser,6.67
2019-04-01,Germany,Firefox,browser,5.4
2019-05-01,Germany,Firefox,browser,5.13
2019-06-01,Germany,Firefox,browser,6.25
2019-07-01,Germany,Firefox,browser,5.53
2019-08-01,Germany,Firefox,browser,8.34
2019-09-01,Germany,Firefox,browser,5.29
2019-10-01,Germany,Firefox,browser,6.53
2019-11-01,Germany,Firefox,browser,8.4
2019-12-01,Germany,Firefox,browser,4.21
2020-01-01,Germany,Firefox,browser,4.31
2020-02-01,Germany,Firefox,browser,3.5
2020-03-01,Germany,Firefox,browser,6.31
2020-04-01,Germany,Firefox,browser,5.44
2020-05-01,Germany,Firefox,browser,5.02
2020-06-01,Germany,Firefox,browser,6.7
2020-07-01,Germany,Firefox,browser,4.69
2020-08-01,Germany,Firefox,browser,7.56
2020-09-01,Germany,Firefox,browser,5.3
2020-10-01,Germany,Firefox,browser,6.01
2020-11-01,Germany,Firefox,browser,5.0
2020-12-01,Germany,Firefox,browser,4.85
2021-01-01,Germany,Firefox,browser,4.3
2021-02-01,Germany,Firefox,browser,6.37
2021-03-01,Germany,Firefox,browser,1.6
2021-04-01,Germany,Firefox,browser,2.96
2021-05-01,Germany,Firefox,browser,7.11
2021-06-01,Germany,Firefox,browser,8.63
2021-07-01,Germany,Firefox,browser,4.38
2021-08-01,Germany,Firefox,browser,7.38
2021-09-01,Germany,Firefox,browser,3.95
2021-10-01,Germany,Firefox,browser,4.74
2021-11-01,Germany,Firefox,browser,2.63
2021-12-01,Germany,Firefox,browser,4.63
2022-01-01,Germany,Firefox,browser,2.26
2022-02-01,Germany,Firefox,browser,6.18
2022-03-01,Germany,Firefox,browser,5.94
2022-04-01,Germany,Firefox,browser,5.63
2022-05-01,Germany,Firefox,browser,7.64
2022-06-01,Germany,Firefox,browser,6.82
2022-07-01,Germany,Firefox,browser,6.83
2022-08-01,Germany,Firefox,browser,1.3
2022-09-01,Germany,Firefox,browser,6.4
2022-10-01,Germany,Firefox,browser,6.74
2022-11-01,Germany,Firefox,browser,3.8
2022-12-01,Germany,Firefox,browser,5.19
2023-01-01,Germany,Firefox,browser,4.87
2023-02-01,Germany,Firefox,browser,6.47
2023-03-01,Germany,Firefox,browser,2.6
2023-04-01,Germany,Firefox,browser,6.3
2023-05-01,Germany,Firefox,browser,6.2
2023-06-01,Germany,Firefox,browser,3.59
2023-07-01,Germany,Firefox,browser,1.31
2023-08-01,Germany,Firefox,browser,3.49
2023-09-01,Germany,Firefox,browser,6.43
2023-10-01,Germany,Firefox,browser,4.1
2023-11-01,Germany,Firefox,browser,3.44
2023-12-01,Germany,Firefox,browser,2.18
2024-01-01,Germany,Firefox,browser,2.93
2024-02-01,Germany,Firefox,browser,3.22
2024-03-01,Germany,Firefox,browser,4.43
2024-04-01,Germany,Firefox,browser,2.01
2024-05-01,Germany,Firefox,browser,4.42
2024-06-01,Germany,Firefox,browser,4.63
2024-07-01,Germany,Firefox,browser,3.34
2024-08-01,Germany,Firefox,browser,4.22
2024-09-01,Germany,Firefox,browser,2.71
2024-10-01,Germany,Firefox,browser,4.63
2024-11-01,Germany,Firefox,browser,7.29
2024-12-01,Germany,Firefox,browser,2.49
2025-01-01,Germany,Firefox,browser,4.01
2025-02-01,Germany,Firefox,browser,4.43
2025-03-01,Germany,Firefox,browser,5.84
2025-04-01,Germany,Firefox,browser,4.6
2025-05-01,Germany,Firefox,browser,3.62
2025-06-01,Germany,Firefox,browser,5.17
2025-07-01,Germany,Firefox,browser,4.15
2025-08-01,Germany,Firefox,browser,3.51
2025-09-01,Germany,Firefox,browser,4.21
2025-10-01,Germany,Firefox,browser,2.75
2025-11-01,Germany,Firefox,browser,3.55
2025-12-01,Germany,Firefox,browser,5.04
2026-01-01,Germany,Firefox,browser,4.31
2026-02-01,Germany,Firefox,browser,3.12
2026-03-01,Germany,Firefox,browser,3.62
2026-04-01,Germany,Firefox,browser,3.26
2026-05-01,Germany,Firefox,browser,5.98
2026-06-01,Germany,Firefox,browser,2.42
2019-01-01,Germany,Samsung Internet,browser,8.07
2019-02-01,Germany,Samsung Internet,browser,8.28
2019-03-01,Germany,Samsung Internet,browser,8.03
2019-04-01,Germany,Samsung Internet,browser,8.18
2019-05-01,Germany,Samsung Internet,browser,6.15
2019-06-01,Germany,Samsung Internet,browser,8.59
2019-07-01,Germany,Samsung Internet,browser,6.98
2019-08-01,Germany,Samsung Internet,browser,8.61
2019-09-01,Germany,Samsung Internet,browser,7.95
2019-10-01,Germany,Samsung Internet,browser,5.87
2019-11-01,Germany,Samsung Internet,browser,5.24
2019-12-01,Germany,Samsung Internet,browser,8.25
2020-01-01,Germany,Samsung Internet,browser,9.66
2020-02-01,Germany,Samsung Internet,browser,9.97
2020-03-01,Germany,Samsung Internet,browser,5.03
2020-04-01,Germany,Samsung Internet,browser,8.47
2020-05-01,Germany,Samsung Internet,browser,8.75
2020-06-01,Germany,Samsung Internet,browser,6.83
2020-07-01,Germany,Samsung Internet,browser,7.28
2020-08-01,Germany,Samsung Internet,browser,5.33
2020-09-01,Germany,Samsung Internet,browser,7.75
2020-10-01,Germany,Samsung Internet,browser,6.53
2020-11-01,Germany,Samsung Internet,browser,5.62
2020-12-01,Germany,Samsung Internet,browser,4.98
2021-01-01,Germany,Samsung Internet,browser,8.39
2021-02-01,Germany,Samsung Internet,browser,5.89
2021-03-01,Germany,Samsung Internet,browser,8.91
2021-04-01,Germany,Samsung Internet,browser,7.44
2021-05-01,Germany,Samsung Internet,browser,7.65
2021-06-01,Germany,Samsung Internet,browser,6.91
2021-07-01,Germany,Samsung Internet,browser,6.93
2021-08-01,Germany,Samsung Internet,browser,7.8
2021-09-01,Germany,Samsung Internet,browser,8.82
2021-10-01,Germany,Samsung Internet,browser,6.11
2021-11-01,Germany,Samsung Internet,browser,4.42
2021-12-01,Germany,Samsung Internet,browser,6.35
2022-01-01,Germany,Samsung Internet,browser,8.16
2022-02-01,Germany,Samsung Internet,browser,5.62
2022-03-01,Germany,Samsung Internet,browser,6.6
2022-04-01,Germany,Samsung Internet,browser,7.47
2022-05-01,Germany,Samsung Internet,browser,7.77
2022-06-01,Germany,Samsung Internet,browser,5.99
2022-07-01,Germany,Samsung Internet,browser,8.16
2022-08-01,Germany,Samsung Internet,browser,7.0
2022-09-01,Germany,Samsung Internet,browser,8.04
2022-10-01,Germany,Samsung Internet,browser,5.0
2022-11-01,Germany,Samsung Internet,browser,7.18
2022-12-01,Germany,Samsung Internet,browser,5.26
2023-01-01,Germany,Samsung Internet,browser,5.86
2023-02-01,Germany,Samsung Internet,browser,8.9
2023-03-01,Germany,Samsung Internet,browser,6.99
2023-04-01,Germany,Samsung Internet,browser,8.09
2023-05-01,Germany,Samsung Internet,browser,9.44
2023-06-01,Germany,Samsung Internet,browser,7.28
2023-07-01,Germany,Samsung Internet,browser,6.72
2023-08-01,Germany,Samsung Internet,browser,10.52
2023-09-01,Germany,Samsung Internet,browser,4.88
2023-10-01,Germany,Samsung Internet,browser,7.37
2023-11-01,Germany,Samsung Internet,browser,6.52
2023-12-01,Germany,Samsung Internet,browser,6.46
2024-01-01,Germany,Samsung Internet,browser,8.92
2024-02-01,Germany,Samsung Internet,browser,8.17
2024-03-01,Germany,Samsung Internet,browser,9.77
2024-04-01,Germany,Samsung Internet,browser,6.3
2024-05-01,Germany,Samsung Internet,browser,10.64
2024-06-01,Germany,Samsung Internet,browser,9.78
2024-07-01,Germany,Samsung Internet,browser,8.64
2024-08-01,Germany,Samsung Internet,browser,8.66
2024-09-01,Germany,Samsung Internet,browser,6.36
2024-10-01,Germany,Samsung Internet,browser,7.08
2024-11-01,Germany,Samsung Internet,browser,8.27
2024-12-01,Germany,Samsung Internet,browser,9.16
2025-01-01,Germany,Samsung Internet,browser,6.82
2025-02-01,Germany,Samsung Internet,browser,13.36
2025-03-01,Germany,Samsung Internet,browser,8.77
2025-04-01,Germany,Samsung Internet,browser,9.97
2025-05-01,Germany,Samsung Internet,browser,8.4
2025-06-01,Germany,Samsung Internet,browser,7.81
2025-07-01,Germany,Samsung Internet,browser,5.9
2025-08-01,Germany,Samsung Internet,browser,6.21
2025-09-01,Germany,Samsung Internet,browser,4.93
2025-10-01,Germany,Samsung Internet,browser,7.04
2025-11-01,Germany,Samsung Internet,browser,8.26
2025-12-01,Germany,Samsung Internet,browser,5.23
2026-01-01,Germany,Samsung Internet,browser,6.74
2026-02-01,Germany,Samsung Internet,browser,6.93
2026-03-01,Germany,Samsung Internet,browser,9.53
2026-04-01,Germany,Samsung Internet,browser,8.06
2026-05-01,Germany,Samsung Internet,browser,7.47
2026-06-01,Germany,Samsung Internet,browser,7.56
2019-01-01,Germany,Opera,browser,6.95
2019-02-01,Germany,Opera,browser,4.86
2019-03-01,Germany,Opera,browser,3.84
2019-04-01,Germany,Opera,browser,5.9
2019-05-01,Germany,Opera,browser,1.1
2019-06-01,Germany,Opera,browser,5.79
2019-07-01,Germany,Opera,browser,4.68
2019-08-01,Germany,Opera,browser,5.69
2019-09-01,Germany,Opera,browser,4.79
2019-10-01,Germany,Opera,browser,5.7
2019-11-01,Germany,Opera,browser,5.31
2019-12-01,Germany,Opera,browser,4.39
2020-01-01,Germany,Opera,browser,3.92
2020-02-01,Germany,Opera,browser,6.19
2020-03-01,Germany,Opera,browser,2.88
2020-04-01,Germany,Opera,browser,6.68
2020-05-01,Germany,Opera,browser,4.05
2020-06-01,Germany,Opera,browser,5.36
2020-07-01,Germany,Opera,browser,4.98
2020-08-01,Germany,Opera,browser,5.63
2020-09-01,Germany,Opera,browser,2.28
2020-10-01,Germany,Opera,browser,5.37
2020-11-01,Germany,Opera,browser,4.73
2020-12-01,Germany,Opera,browser,3.02
2021-01-01,Germany,Opera,browser,3.9
2021-02-01,Germany,Opera,browser,6.88
2021-03-01,Germany,Opera,browser,4.87
2021-04-01,Germany,Opera,browser,1.65
2021-05-01,Germany,Opera,browser,6.47
2021-06-01,Germany,Opera,browser,3.31
2021-07-01,Germany,Opera,browser,3.93
2021-08-01,Germany,Opera,browser,3.65
2021-09-01,Germany,Opera,browser,4.22
2021-10-01,Germany,Opera,browser,3.46
2021-11-01,Germany,Opera,browser,3.32
2021-12-01,Germany,Opera,browser,2.82
2022-01-01,Germany,Opera,browser,6.25
2022-02-01,Germany,Opera,browser,1.79
2022-03-01,Germany,Opera,browser,5.2
2022-04-01,Germany,Opera,browser,5.72
2022-05-01,Germany,Opera,browser,4.21
2022-06-01,Germany,Opera,browser,2.37
2022-07-01,Germany,Opera,browser,3.06
2022-08-01,Germany,Opera,browser,4.61
2022-09-01,Germany,Opera,browser,4.87
2022-10-01,Germany,Opera,browser,2.7
2022-11-01,Germany,Opera,browser,1.68
2022-12-01,Germany,Opera,browser,7.02
2023-01-01,Germany,Opera,browser,4.32
2023-02-01,Germany,Opera,browser,7.16
2023-03-01,Germany,Opera,browser,4.81
2023-04-01,Germany,Opera,browser,5.92
2023-05-01,Germany,Opera,browser,3.29
2023-06-01,Germany,Opera,browser,5.24
2023-07-01,Germany,Opera,browser,3.17
2023-08-01,Germany,Opera,browser,2.57
2023-09-01,Germany,Opera,browser,1.93
2023-10-01,Germany,Opera,browser,4.86
2023-11-01,Germany,Opera,browser,0.77
2023-12-01,Germany,Opera,browser,0.5
2024-01-01,Germany,Opera,browser,3.98
2024-02-01,Germany,Opera,browser,3.41
2024-03-01,Germany,Opera,browser,5.88
2024-04-01,Germany,Opera,browser,4.32
2024-05-01,Germany,Opera,browser,6.43
2024-06-01,Germany,Opera,browser,3.0
2024-07-01,Germany,Opera,browser,2.5
2024-08-01,Germany,Opera,browser,5.22
2024-09-01,Germany,Opera,browser,5.72
2024-10-01,Germany,Opera,browser,1.33
2024-11-01,Germany,Opera,browser,3.55
2024-12-01,Germany,Opera,browser,4.38
2025-01-01,Germany,Opera,browser,2.89
2025-02-01,Germany,Opera,browser,4.05
2025-03-01,Germany,Opera,browser,8.05
2025-04-01,Germany,Opera,browser,5.02
2025-05-01,Germany,Opera,browser,5.68
2025-06-01,Germany,Opera,browser,4.65
2025-07-01,Germany,Opera,browser,4.69
2025-08-01,Germany,Opera,browser,0.89
2025-09-01,Germany,Opera,browser,1.97
2025-10-01,Germany,Opera,browser,4.47
2025-11-01,Germany,Opera,browser,5.56
2025-12-01,Germany,Opera,browser,4.17
2026-01-01,Germany,Opera,browser,2.52
2026-02-01,Germany,Opera,browser,2.96
2026-03-01,Germany,Opera,browser,7.73
2026-04-01,Germany,Opera,browser,5.56
2026-05-01,Germany,Opera,browser,6.22
2026-06-01,Germany,Opera,browser,2.6
2019-01-01,Brazil,Chrome,browser,53.86
2019-02-01,Brazil,Chrome,browser,58.16
2019-03-01,Brazil,Chrome,browser,56.22
2019-04-01,Brazil,Chrome,browser,59.18
2019-05-01,Brazil,Chrome,browser,60.09
2019-06-01,Brazil,Chrome,browser,58.1
2019-07-01,Brazil,Chrome,browser,57.82
2019-08-01,Brazil,Chrome,browser,52.35
2019-09-01,Brazil,Chrome,browser,51.0
2019-10-01,Brazil,Chrome,browser,49.76
2019-11-01,Brazil,Chrome,browser,51.13
2019-12-01,Brazil,Chrome,browser,54.05
2020-01-01,Brazil,Chrome,browser,55.16
2020-02-01,Brazil,Chrome,browser,55.11
2020-03-01,Brazil,Chrome,browser,58.53
2020-04-01,Brazil,Chrome,browser,59.61
2020-05-01,Brazil,Chrome,browser,58.57
2020-06-01,Brazil,Chrome,browser,53.36
2020-07-01,Brazil,Chrome,browser,53.18
2020-08-01,Brazil,Chrome,browser,53.83
2020-09-01,Brazil,Chrome,browser,52.57
2020-10-01,Brazil,Chrome,browser,49.26
2020-11-01,Brazil,Chrome,browser,48.61
2020-12-01,Brazil,Chrome,browser,50.92
2021-01-01,Brazil,Chrome,browser,52.5
2021-02-01,Brazil,Chrome,browser,57.69
2021-03-01,Brazil,Chrome,browser,57.41
2021-04-01,Brazil,Chrome,browser,56.92
2021-05-01,Brazil,Chrome,browser,56.57
2021-06-01,Brazil,Chrome,browser,57.28
2021-07-01,Brazil,Chrome,browser,55.37
2021-08-01,Brazil,Chrome,browser,54.45
2021-09-01,Brazil,Chrome,browser,50.72
2021-10-01,Brazil,Chrome,browser,50.54
2021-11-01,Brazil,Chrome,browser,48.67
2021-12-01,Brazil,Chrome,browser,52.6
2022-01-01,Brazil,Chrome,browser,52.96
2022-02-01,Brazil,Chrome,browser,56.28
2022-03-01,Brazil,Chrome,browser,56.37
2022-04-01,Brazil,Chrome,browser,57.58
2022-05-01,Brazil,Chrome,browser,56.94
2022-06-01,Brazil,Chrome,browser,55.85
2022-07-01,Brazil,Chrome,browser,51.74
2022-08-01,Brazil,Chrome,browser,52.68
2022-09-01,Brazil,Chrome,browser,49.39
2022-10-01,Brazil,Chrome,browser,48.59
2022-11-01,Brazil,Chrome,browser,50.23
2022-12-01,Brazil,Chrome,browser,47.93
2023-01-01,Brazil,Chrome,browser,50.58
2023-02-01,Brazil,Chrome,browser,55.26
2023-03-01,Brazil,Chrome,browser,55.23
2023-04-01,Brazil,Chrome,browser,58.61
2023-05-01,Brazil,Chrome,browser,56.38
2023-06-01,Brazil,Chrome,browser,53.65
2023-07-01,Brazil,Chrome,browser,53.54
2023-08-01,Brazil,Chrome,browser,50.69
2023-09-01,Brazil,Chrome,browser,49.89
2023-10-01,Brazil,Chrome,browser,50.25
2023-11-01,Brazil,Chrome,browser,53.36
2023-12-01,Brazil,Chrome,browser,51.29
2024-01-01,Brazil,Chrome,browser,50.55
2024-02-01,Brazil,Chrome,browser,56.43
2024-03-01,Brazil,Chrome,browser,56.21
2024-04-01,Brazil,Chrome,browser,58.16
2024-05-01,Brazil,Chrome,browser,58.38
2024-06-01,Brazil,Chrome,browser,53.72
2024-07-01,Brazil,Chrome,browser,54.18
2024-08-01,Brazil,Chrome,browser,50.87
2024-09-01,Brazil,Chrome,browser,51.75
2024-10-01,Brazil,Chrome,browser,50.73
2024-11-01,Brazil,Chrome,browser,51.27
2024-12-01,Brazil,Chrome,browser,51.46
2025-01-01,Brazil,Chrome,browser,51.86
2025-02-01,Brazil,Chrome,browser,54.07
2025-03-01,Brazil,Chrome,browser,54.0
2025-04-01,Brazil,Chrome,browser,56.89
2025-05-01,Brazil,Chrome,browser,53.42
2025-06-01,Brazil,Chrome,browser,57.97
2025-07-01,Brazil,Chrome,browser,51.85
2025-08-01,Brazil,Chrome,browser,47.47
2025-09-01,Brazil,Chrome,browser,48.26
2025-10-01,Brazil,Chrome,browser,48.91
2025-11-01,Brazil,Chrome,browser,47.67
2025-12-01,Brazil,Chrome,browser,49.87
2026-01-01,Brazil,Chrome,browser,49.42
2026-02-01,Brazil,Chrome,browser,52.52
2026-03-01,Brazil,Chrome,browser,52.3
2026-04-01,Brazil,Chrome,browser,51.75
2026-05-01,Brazil,Chrome,browser,53.95
2026-06-01,Brazil,Chrome,browser,53.89
2019-01-01,Brazil,Safari,browser,18.4
2019-02-01,Brazil,Safari,browser,19.83
2019-03-01,Brazil,Safari,browser,21.76
2019-04-01,Brazil,Safari,browser,22.71
2019-05-01,Brazil,Safari,browser,21.93
2019-06-01,Brazil,Safari,browser,20.58
2019-07-01,Brazil,Safari,browser,22.24
2019-08-01,Brazil,Safari,browser,19.38
2019-09-01,Brazil,Safari,browser,20.8
2019-10-01,Brazil,Safari,browser,18.04
2019-11-01,Brazil,Safari,browser,20.36
2019-12-01,Brazil,Safari,browser,19.91
2020-01-01,Brazil,Safari,browser,19.52
2020-02-01,Brazil,Safari,browser,20.96
2020-03-01,Brazil,Safari,browser,21.05
2020-04-01,Brazil,Safari,browser,21.86
2020-05-01,Brazil,Safari,browser,21.28
2020-06-01,Brazil,Safari,browser,22.3
2020-07-01,Brazil,Safari,browser,21.74
2020-08-01,Brazil,Safari,browser,17.89
2020-09-01,Brazil,Safari,browser,17.48
2020-10-01,Brazil,Safari,browser,20.05
2020-11-01,Brazil,Safari,browser,15.64
2020-12-01,Brazil,Safari,browser,18.67
2021-01-01,Brazil,Safari,browser,21.87
2021-02-01,Brazil,Safari,browser,19.84
2021-03-01,Brazil,Safari,browser,19.84
2021-04-01,Brazil,Safari,browser,20.37
2021-05-01,Brazil,Safari,browser,19.33
2021-06-01,Brazil,Safari,browser,19.86
2021-07-01,Brazil,Safari,browser,22.69
2021-08-01,Brazil,Safari,browser,18.01
2021-09-01,Brazil,Safari,browser,17.18
2021-10-01,Brazil,Safari,browser,20.68
2021-11-01,Brazil,Safari,browser,17.18
2021-12-01,Brazil,Safari,browser,17.66
2022-01-01,Brazil,Safari,browser,22.78
2022-02-01,Brazil,Safari,browser,21.96
2022-03-01,Brazil,Safari,browser,18.88
2022-04-01,Brazil,Safari,browser,22.92
2022-05-01,Brazil,Safari,browser,21.16
2022-06-01,Brazil,Safari,browser,21.93
2022-07-01,Brazil,Safari,browser,20.07
2022-08-01,Brazil,Safari,browser,18.89
2022-09-01,Brazil,Safari,browser,19.08
2022-10-01,Brazil,Safari,browser,17.16
2022-11-01,Brazil,Safari,browser,17.92
2022-12-01,Brazil,Safari,browser,17.81
2023-01-01,Brazil,Safari,browser,22.3
2023-02-01,Brazil,Safari,browser,19.73
2023-03-01,Brazil,Safari,browser,21.22
2023-04-01,Brazil,Safari,browser,22.32
2023-05-01,Brazil,Safari,browser,19.59
2023-06-01,Brazil,Safari,browser,20.37
2023-07-01,Brazil,Safari,browser,20.46
2023-08-01,Brazil,Safari,browser,20.63
2023-09-01,Brazil,Safari,browser,18.37
2023-10-01,Brazil,Safari,browser,16.68
2023-11-01,Brazil,Safari,browser,18.8
2023-12-01,Brazil,Safari,browser,17.92
2024-01-01,Brazil,Safari,browser,19.96
2024-02-01,Brazil,Safari,browser,22.14
2024-03-01,Brazil,Safari,browser,21.56
2024-04-01,Brazil,Safari,browser,24.77
2024-05-01,Brazil,Safari,browser,22.21
2024-06-01,Brazil,Safari,browser,18.67
2024-07-01,Brazil,Safari,browser,17.58
2024-08-01,Brazil,Safari,browser,22.04
2024-09-01,Brazil,Safari,browser,18.41
2024-10-01,Brazil,Safari,browser,19.59
2024-11-01,Brazil,Safari,browser,17.86
2024-12-01,Brazil,Safari,browser,17.66
2025-01-01,Brazil,Safari,browser,20.76
2025-02-01,Brazil,Safari,browser,19.84
2025-03-01,Brazil,Safari,browser,20.67
2025-04-01,Brazil,Safari,browser,20.76
2025-05-01,Brazil,Safari,browser,18.98
2025-06-01,Brazil,Safari,browser,20.45
2025-07-01,Brazil,Safari,browser,19.16
2025-08-01,Brazil,Safari,browser,20.96
2025-09-01,Brazil,Safari,browser,19.17
2025-10-01,Brazil,Safari,browser,18.77
2025-11-01,Brazil,Safari,browser,15.4
2025-12-01,Brazil,Safari,browser,17.89
2026-01-01,Brazil,Safari,browser,18.89
2026-02-01,Brazil,Safari,browser,22.0
2026-03-01,Brazil,Safari,browser,22.73
2026-04-01,Brazil,Safari,browser,22.06
2026-05-01,Brazil,Safari,browser,21.71
2026-06-01,Brazil,Safari,browser,24.05
2019-01-01,Brazil,Edge,browser,8.09
2019-02-01,Brazil,Edge,browser,9.05
2019-03-01,Brazil,Edge,browser,7.56
2019-04-01,Brazil,Edge,browser,7.46
2019-05-01,Brazil,Edge,browser,8.23
2019-06-01,Brazil,Edge,browser,9.29
2019-07-01,Brazil,Edge,browser,9.03
2019-08-01,Brazil,Edge,browser,7.21
2019-09-01,Brazil,Edge,browser,9.26
2019-10-01,Brazil,Edge,browser,10.77
2019-11-01,Brazil,Edge,browser,8.01
2019-12-01,Brazil,Edge,browser,8.08
2020-01-01,Brazil,Edge,browser,11.04
2020-02-01,Brazil,Edge,browser,10.98
2020-03-01,Brazil,Edge,browser,9.07
2020-04-01,Brazil,Edge,browser,8.89
2020-05-01,Brazil,Edge,browser,10.54
2020-06-01,Brazil,Edge,browser,5.69
2020-07-01,Brazil,Edge,browser,8.14
2020-08-01,Brazil,Edge,browser,7.1
2020-09-01,Brazil,Edge,browser,5.18
2020-10-01,Brazil,Edge,browser,9.72
2020-11-01,Brazil,Edge,browser,8.95
2020-12-01,Brazil,Edge,browser,5.76
2021-01-01,Brazil,Edge,browser,8.72
2021-02-01,Brazil,Edge,browser,9.06
2021-03-01,Brazil,Edge,browser,9.17
2021-04-01,Brazil,Edge,browser,9.51
2021-05-01,Brazil,Edge,browser,5.36
2021-06-01,Brazil,Edge,browser,5.24
2021-07-01,Brazil,Edge,browser,13.76
2021-08-01,Brazil,Edge,browser,6.75
2021-09-01,Brazil,Edge,browser,7.06
2021-10-01,Brazil,Edge,browser,7.22
2021-11-01,Brazil,Edge,browser,9.47
2021-12-01,Brazil,Edge,browser,10.32
2022-01-01,Brazil,Edge,browser,9.05
2022-02-01,Brazil,Edge,browser,9.87
2022-03-01,Brazil,Edge,browser,9.98
2022-04-01,Brazil,Edge,browser,9.07
2022-05-01,Brazil,Edge,browser,10.33
2022-06-01,Brazil,Edge,browser,10.13
2022-07-01,Brazil,Edge,browser,7.13
2022-08-01,Brazil,Edge,browser,7.53
2022-09-01,Brazil,Edge,browser,7.34
2022-10-01,Brazil,Edge,browser,3.98
2022-11-01,Brazil,Edge,browser,10.51
2022-12-01,Brazil,Edge,browser,10.4
2023-01-01,Brazil,Edge,browser,9.5
2023-02-01,Brazil,Edge,browser,9.85
2023-03-01,Brazil,Edge,browser,10.59
2023-04-01,Brazil,Edge,browser,10.39
2023-05-01,Brazil,Edge,browser,11.25
2023-06-01,Brazil,Edge,browser,10.34
2023-07-01,Brazil,Edge,browser,11.08
2023-08-01,Brazil,Edge,browser,9.34
2023-09-01,Brazil,Edge,browser,8.87
2023-10-01,Brazil,Edge,browser,7.64
2023-11-01,Brazil,Edge,browser,8.32
2023-12-01,Brazil,Edge,browser,9.53
2024-01-01,Brazil,Edge,browser,9.5
2024-02-01,Brazil,Edge,browser,11.01
2024-03-01,Brazil,Edge,browser,10.77
2024-04-01,Brazil,Edge,browser,9.69
2024-05-01,Brazil,Edge,browser,7.64
2024-06-01,Brazil,Edge,browser,10.49
2024-07-01,Brazil,Edge,browser,9.85
2024-08-01,Brazil,Edge,browser,5.99
2024-09-01,Brazil,Edge,browser,8.41
2024-10-01,Brazil,Edge,browser,10.04
2024-11-01,Brazil,Edge,browser,7.97
2024-12-01,Brazil,Edge,browser,10.81
2025-01-01,Brazil,Edge,browser,11.75
2025-02-01,Brazil,Edge,browser,11.0
2025-03-01,Brazil,Edge,browser,9.78
2025-04-01,Brazil,Edge,browser,10.75
2025-05-01,Brazil,Edge,browser,11.13
2025-06-01,Brazil,Edge,browser,11.99
2025-07-01,Brazil,Edge,browser,8.28
2025-08-01,Brazil,Edge,browser,10.67
2025-09-01,Brazil,Edge,browser,9.06
2025-10-01,Brazil,Edge,browser,8.4
2025-11-01,Brazil,Edge,browser,8.87
2025-12-01,Brazil,Edge,browser,9.1
2026-01-01,Brazil,Edge,browser,10.06
2026-02-01,Brazil,Edge,browser,10.33
2026-03-01,Brazil,Edge,browser,9.01
2026-04-01,Brazil,Edge,browser,7.3
2026-05-01,Brazil,Edge,browser,13.34
2026-06-01,Brazil,Edge,browser,9.5
2019-01-01,Brazil,Firefox,browser,8.11
2019-02-01,Brazil,Firefox,browser,5.07
2019-03-01,Brazil,Firefox,browser,4.74
2019-04-01,Brazil,Firefox,browser,4.27
2019-05-01,Brazil,Firefox,browser,9.04
2019-06-01,Brazil,Firefox,browser,3.78
2019-07-01,Brazil,Firefox,browser,5.62
2019-08-01,Brazil,Firefox,browser,3.69
2019-09-01,Brazil,Firefox,browser,2.69
2019-10-01,Brazil,Firefox,browser,4.06
2019-11-01,Brazil,Firefox,browser,8.04
2019-12-01,Brazil,Firefox,browser,4.83
2020-01-01,Brazil,Firefox,browser,3.63
2020-02-01,Brazil,Firefox,browser,4.24
2020-03-01,Brazil,Firefox,browser,5.95
2020-04-01,Brazil,Firefox,browser,7.74
2020-05-01,Brazil,Firefox,browser,3.82
2020-06-01,Brazil,Firefox,browser,3.91
2020-07-01,Brazil,Firefox,browser,4.01
2020-08-01,Brazil,Firefox,browser,3.69
2020-09-01,Brazil,Firefox,browser,6.29
2020-10-01,Brazil,Firefox,browser,4.48
2020-11-01,Brazil,Firefox,browser,8.06
2020-12-01,Brazil,Firefox,browser,5.01
2021-01-01,Brazil,Firefox,browser,3.95
2021-02-01,Brazil,Firefox,browser,6.01
2021-03-01,Brazil,Firefox,browser,8.52
2021-04-01,Brazil,Firefox,browser,5.59
2021-05-01,Brazil,Firefox,browser,3.31
2021-06-01,Brazil,Firefox,browser,5.93
2021-07-01,Brazil,Firefox,browser,4.81
2021-08-01,Brazil,Firefox,browser,7.61
2021-09-01,Brazil,Firefox,browser,2.84
2021-10-01,Brazil,Firefox,browser,2.64
2021-11-01,Brazil,Firefox,browser,6.27
2021-12-01,Brazil,Firefox,browser,5.82
2022-01-01,Brazil,Firefox,browser,4.17
2022-02-01,Brazil,Firefox,browser,4.79
2022-03-01,Brazil,Firefox,browser,3.56
2022-04-01,Brazil,Firefox,browser,5.89
2022-05-01,Brazil,Firefox,browser,6.07
2022-06-01,Brazil,Firefox,browser,3.02
2022-07-01,Brazil,Firefox,browser,7.2
2022-08-01,Brazil,Firefox,browser,4.77
2022-09-01,Brazil,Firefox,browser,0.62
2022-10-01,Brazil,Firefox,browser,3.55
2022-11-01,Brazil,Firefox,browser,5.42
2022-12-01,Brazil,Firefox,browser,4.8
2023-01-01,Brazil,Firefox,browser,5.71
2023-02-01,Brazil,Firefox,browser,5.09
2023-03-01,Brazil,Firefox,browser,4.48
2023-04-01,Brazil,Firefox,browser,7.51
2023-05-01,Brazil,Firefox,browser,2.42
2023-06-01,Brazil,Firefox,browser,5.82
2023-07-01,Brazil,Firefox,browser,6.9
2023-08-01,Brazil,Firefox,browser,6.87
2023-09-01,Brazil,Firefox,browser,5.52
2023-10-01,Brazil,Firefox,browser,1.89
2023-11-01,Brazil,Firefox,browser,4.04
2023-12-01,Brazil,Firefox,browser,7.25
2024-01-01,Brazil,Firefox,browser,4.28
2024-02-01,Brazil,Firefox,browser,3.86
2024-03-01,Brazil,Firefox,browser,1.56
2024-04-01,Brazil,Firefox,browser,3.75
2024-05-01,Brazil,Firefox,browser,2.91
2024-06-01,Brazil,Firefox,browser,2.51
2024-07-01,Brazil,Firefox,browser,4.77
2024-08-01,Brazil,Firefox,browser,4.73
2024-09-01,Brazil,Firefox,browser,6.11
2024-10-01,Brazil,Firefox,browser,2.36
2024-11-01,Brazil,Firefox,browser,2.95
2024-12-01,Brazil,Firefox,browser,7.81
2025-01-01,Brazil,Firefox,browser,4.93
2025-02-01,Brazil,Firefox,browser,4.51
2025-03-01,Brazil,Firefox,browser,5.01
2025-04-01,Brazil,Firefox,browser,1.14
2025-05-01,Brazil,Firefox,browser,1.02
2025-06-01,Brazil,Firefox,browser,4.93
2025-07-01,Brazil,Firefox,browser,3.47
2025-08-01,Brazil,Firefox,browser,5.02
2025-09-01,Brazil,Firefox,browser,1.41
2025-10-01,Brazil,Firefox,browser,4.84
2025-11-01,Brazil,Firefox,browser,3.58
2025-12-01,Brazil,Firefox,browser,4.57
2026-01-01,Brazil,Firefox,browser,4.72
2026-02-01,Brazil,Firefox,browser,2.89
2026-03-01,Brazil,Firefox,browser,3.5
2026-04-01,Brazil,Firefox,browser,4.44
2026-05-01,Brazil,Firefox,browser,4.77
2026-06-01,Brazil,Firefox,browser,2.94
2019-01-01,Brazil,Samsung Internet,browser,5.15
2019-02-01,Brazil,Samsung Internet,browser,6.6
2019-03-01,Brazil,Samsung Internet,browser,6.87
2019-04-01,Brazil,Samsung Internet,browser,6.71
2019-05-01,Brazil,Samsung Internet,browser,9.06
2019-06-01,Brazil,Samsung Internet,browser,6.95
2019-07-01,Brazil,Samsung Internet,browser,8.24
2019-08-01,Brazil,Samsung Internet,browser,5.56
2019-09-01,Brazil,Samsung Internet,browser,5.1
2019-10-01,Brazil,Samsung Internet,browser,5.74
2019-11-01,Brazil,Samsung Internet,browser,8.49
2019-12-01,Brazil,Samsung Internet,browser,6.42
2020-01-01,Brazil,Samsung Internet,browser,8.15
2020-02-01,Brazil,Samsung Internet,browser,9.25
2020-03-01,Brazil,Samsung Internet,browser,6.28
2020-04-01,Brazil,Samsung Internet,browser,9.56
2020-05-01,Brazil,Samsung Internet,browser,7.43
2020-06-01,Brazil,Samsung Internet,browser,8.89
2020-07-01,Brazil,Samsung Internet,browser,7.34
2020-08-01,Brazil,Samsung Internet,browser,5.75
2020-09-01,Brazil,Samsung Internet,browser,4.63
2020-10-01,Brazil,Samsung Internet,browser,6.12
2020-11-01,Brazil,Samsung Internet,browser,6.89
2020-12-01,Brazil,Samsung Internet,browser,4.28
2021-01-01,Brazil,Samsung Internet,browser,10.07
2021-02-01,Brazil,Samsung Internet,browser,9.02
2021-03-01,Brazil,Samsung Internet,browser,8.42
2021-04-01,Brazil,Samsung Internet,browser,7.35
2021-05-01,Brazil,Samsung Internet,browser,4.74
2021-06-01,Brazil,Samsung Internet,browser,7.14
2021-07-01,Brazil,Samsung Internet,browser,7.84
2021-08-01,Brazil,Samsung Internet,browser,7.26
2021-09-01,Brazil,Samsung Internet,browser,7.71
2021-10-01,Brazil,Samsung Internet,browser,5.23
2021-11-01,Brazil,Samsung Internet,browser,9.46
2021-12-01,Brazil,Samsung Internet,browser,7.15
2022-01-01,Brazil,Samsung Internet,browser,4.53
2022-02-01,Brazil,Samsung Internet,browser,7.19
2022-03-01,Brazil,Samsung Internet,browser,5.8
2022-04-01,Brazil,Samsung Internet,browser,8.15
2022-05-01,Brazil,Samsung Internet,browser,9.99
2022-06-01,Brazil,Samsung Internet,browser,7.93
2022-07-01,Brazil,Samsung Internet,browser,6.12
2022-08-01,Brazil,Samsung Internet,browser,6.6
2022-09-01,Brazil,Samsung Internet,browser,7.21
2022-10-01,Brazil,Samsung Internet,browser,7.38
2022-11-01,Brazil,Samsung Internet,browser,7.06
2022-12-01,Brazil,Samsung Internet,browser,7.31
2023-01-01,Brazil,Samsung Internet,browser,9.24
2023-02-01,Brazil,Samsung Internet,browser,6.87
2023-03-01,Brazil,Samsung Internet,browser,6.62
2023-04-01,Brazil,Samsung Internet,browser,7.36
2023-05-01,Brazil,Samsung Internet,browser,7.92
2023-06-01,Brazil,Samsung Internet,browser,8.3
2023-07-01,Brazil,Samsung Internet,browser,10.29
2023-08-01,Brazil,Samsung Internet,browser,6.83
2023-09-01,Brazil,Samsung Internet,browser,7.65
2023-10-01,Brazil,Samsung Internet,browser,4.33
2023-11-01,Brazil,Samsung Internet,browser,5.98
2023-12-01,Brazil,Samsung Internet,browser,7.8
2024-01-01,Brazil,Samsung Internet,browser,8.35
2024-02-01,Brazil,Samsung Internet,browser,8.41
2024-03-01,Brazil,Samsung Internet,browser,6.64
2024-04-01,Brazil,Samsung Internet,browser,8.45
2024-05-01,Brazil,Samsung Internet,browser,6.68
2024-06-01,Brazil,Samsung Internet,browser,7.27
2024-07-01,Brazil,Samsung Internet,browser,9.67
2024-08-01,Brazil,Samsung Internet,browser,5.43
2024-09-01,Brazil,Samsung Internet,browser,7.39
2024-10-01,Brazil,Samsung Internet,browser,5.52
2024-11-01,Brazil,Samsung Internet,browser,6.19
2024-12-01,Brazil,Samsung Internet,browser,5.9
2025-01-01,Brazil,Samsung Internet,browser,8.03
2025-02-01,Brazil,Samsung Internet,browser,8.97
2025-03-01,Brazil,Samsung Internet,browser,8.06
2025-04-01,Brazil,Samsung Internet,browser,9.92
2025-05-01,Brazil,Samsung Internet,browser,8.01
2025-06-01,Brazil,Samsung Internet,browser,7.22
2025-07-01,Brazil,Samsung Internet,browser,9.78
2025-08-01,Brazil,Samsung Internet,browser,8.54
2025-09-01,Brazil,Samsung Internet,browser,4.89
2025-10-01,Brazil,Samsung Internet,browser,8.0
2025-11-01,Brazil,Samsung Internet,browser,8.86
2025-12-01,Brazil,Samsung Internet,browser,6.33
2026-01-01,Brazil,Samsung Internet,browser,9.53
2026-02-01,Brazil,Samsung Internet,browser,6.13
2026-03-01,Brazil,Samsung Internet,browser,7.82
2026-04-01,Brazil,Samsung Internet,browser,7.04
2026-05-01,Brazil,Samsung Internet,browser,7.32
2026-06-01,Brazil,Samsung Internet,browser,8.36
2019-01-01,Brazil,Opera,browser,6.91
2019-02-01,Brazil,Opera,browser,3.08
2019-03-01,Brazil,Opera,browser,4.13
2019-04-01,Brazil,Opera,browser,4.58
2019-05-01,Brazil,Opera,browser,5.02
2019-06-01,Brazil,Opera,browser,4.93
2019-07-01,Brazil,Opera,browser,3.39
2019-08-01,Brazil,Opera,browser,4.65
2019-09-01,Brazil,Opera,browser,3.49
2019-10-01,Brazil,Opera,browser,4.51
2019-11-01,Brazil,Opera,browser,2.61
2019-12-01,Brazil,Opera,browser,2.08
2020-01-01,Brazil,Opera,browser,4.61
2020-02-01,Brazil,Opera,browser,3.73
2020-03-01,Brazil,Opera,browser,5.01
2020-04-01,Brazil,Opera,browser,1.82
2020-05-01,Brazil,Opera,browser,3.78
2020-06-01,Brazil,Opera,browser,5.96
2020-07-01,Brazil,Opera,browser,7.59
2020-08-01,Brazil,Opera,browser,2.7
2020-09-01,Brazil,Opera,browser,1.58
2020-10-01,Brazil,Opera,browser,3.93
2020-11-01,Brazil,Opera,browser,1.74
2020-12-01,Brazil,Opera,browser,2.65
2021-01-01,Brazil,Opera,browser,3.06
2021-02-01,Brazil,Opera,browser,4.63
2021-03-01,Brazil,Opera,browser,7.86
2021-04-01,Brazil,Opera,browser,4.59
2021-05-01,Brazil,Opera,browser,4.34
2021-06-01,Brazil,Opera,browser,4.85
2021-07-01,Brazil,Opera,browser,5.82
2021-08-01,Brazil,Opera,browser,4.78
2021-09-01,Brazil,Opera,browser,6.06
2021-10-01,Brazil,Opera,browser,4.29
2021-11-01,Brazil,Opera,browser,2.02
2021-12-01,Brazil,Opera,browser,4.14
2022-01-01,Brazil,Opera,browser,5.59
2022-02-01,Brazil,Opera,browser,5.47
2022-03-01,Brazil,Opera,browser,4.31
2022-04-01,Brazil,Opera,browser,5.6
2022-05-01,Brazil,Opera,browser,4.54
2022-06-01,Brazil,Opera,browser,7.01
2022-07-01,Brazil,Opera,browser,3.74
2022-08-01,Brazil,Opera,browser,2.82
2022-09-01,Brazil,Opera,browser,4.26
2022-10-01,Brazil,Opera,browser,1.79
2022-11-01,Brazil,Opera,browser,1.24
2022-12-01,Brazil,Opera,browser,2.71
2023-01-01,Brazil,Opera,browser,2.84
2023-02-01,Brazil,Opera,browser,3.03
2023-03-01,Brazil,Opera,browser,5.02
2023-04-01,Brazil,Opera,browser,4.46
2023-05-01,Brazil,Opera,browser,7.23
2023-06-01,Brazil,Opera,browser,5.97
2023-07-01,Brazil,Opera,browser,1.39
2023-08-01,Brazil,Opera,browser,4.02
2023-09-01,Brazil,Opera,browser,5.37
2023-10-01,Brazil,Opera,browser,2.65
2023-11-01,Brazil,Opera,browser,3.72
2023-12-01,Brazil,Opera,browser,2.99
2024-01-01,Brazil,Opera,browser,5.95
2024-02-01,Brazil,Opera,browser,2.65
2024-03-01,Brazil,Opera,browser,5.92
2024-04-01,Brazil,Opera,browser,5.55
2024-05-01,Brazil,Opera,browser,2.83
2024-06-01,Brazil,Opera,browser,4.83
2024-07-01,Brazil,Opera,browser,3.85
2024-08-01,Brazil,Opera,browser,4.87
2024-09-01,Brazil,Opera,browser,3.32
2024-10-01,Brazil,Opera,browser,4.2
2024-11-01,Brazil,Opera,browser,2.33
2024-12-01,Brazil,Opera,browser,6.7
2025-01-01,Brazil,Opera,browser,5.27
2025-02-01,Brazil,Opera,browser,5.51
2025-03-01,Brazil,Opera,browser,2.35
2025-04-01,Brazil,Opera,browser,7.09
2025-05-01,Brazil,Opera,browser,3.15
2025-06-01,Brazil,Opera,browser,2.56
2025-07-01,Brazil,Opera,browser,6.0
2025-08-01,Brazil,Opera,browser,3.46
2025-09-01,Brazil,Opera,browser,6.97
2025-10-01,Brazil,Opera,browser,5.28
2025-11-01,Brazil,Opera,browser,4.42
2025-12-01,Brazil,Opera,browser,3.44
2026-01-01,Brazil,Opera,browser,4.75
2026-02-01,Brazil,Opera,browser,4.71
2026-03-01,Brazil,Opera,browser,6.03
2026-04-01,Brazil,Opera,browser,3.66
2026-05-01,Brazil,Opera,browser,3.98
2026-06-01,Brazil,Opera,browser,1.48
2019-01-01,United Kingdom,Chrome,browser,52.73
2019-02-01,United Kingdom,Chrome,browser,58.13
2019-03-01,United Kingdom,Chrome,browser,58.73
2019-04-01,United Kingdom,Chrome,browser,56.84
2019-05-01,United Kingdom,Chrome,browser,55.91
2019-06-01,United Kingdom,Chrome,browser,55.65
2019-07-01,United Kingdom,Chrome,browser,55.38
2019-08-01,United Kingdom,Chrome,browser,53.5
2019-09-01,United Kingdom,Chrome,browser,52.01
2019-10-01,United Kingdom,Chrome,browser,50.6
2019-11-01,United Kingdom,Chrome,browser,54.38
2019-12-01,United Kingdom,Chrome,browser,53.27
2020-01-01,United Kingdom,Chrome,browser,53.52
2020-02-01,United Kingdom,Chrome,browser,52.77
2020-03-01,United Kingdom,Chrome,browser,55.1
2020-04-01,United Kingdom,Chrome,browser,59.06
2020-05-01,United Kingdom,Chrome,browser,55.96
2020-06-01,United Kingdom,Chrome,browser,55.87
2020-07-01,United Kingdom,Chrome,browser,52.64
2020-08-01,United Kingdom,Chrome,browser,53.05
2020-09-01,United Kingdom,Chrome,browser,47.92
2020-10-01,United Kingdom,Chrome,browser,51.92
2020-11-01,United Kingdom,Chrome,browser,49.96
2020-12-01,United Kingdom,Chrome,browser,52.68
2021-01-01,United Kingdom,Chrome,browser,55.35
2021-02-01,United Kingdom,Chrome,browser,56.46
2021-03-01,United Kingdom,Chrome,browser,57.3
2021-04-01,United Kingdom,Chrome,browser,58.8
2021-05-01,United Kingdom,Chrome,browser,55.11
2021-06-01,United Kingdom,Chrome,browser,55.63
2021-07-01,United Kingdom,Chrome,browser,53.22
2021-08-01,United Kingdom,Chrome,browser,52.37
2021-09-01,United Kingdom,Chrome,browser,48.8
2021-10-01,United Kingdom,Chrome,browser,50.0
2021-11-01,United Kingdom,Chrome,browser,49.07
2021-12-01,United Kingdom,Chrome,browser,52.03
2022-01-01,United Kingdom,Chrome,browser,54.22
2022-02-01,United Kingdom,Chrome,browser,53.97
2022-03-01,United Kingdom,Chrome,browser,59.08
2022-04-01,United Kingdom,Chrome,browser,54.39
2022-05-01,United Kingdom,Chrome,browser,55.01
2022-06-01,United Kingdom,Chrome,browser,57.71
2022-07-01,United Kingdom,Chrome,browser,51.97
2022-08-01,United Kingdom,Chrome,browser,50.42
2022-09-01,United Kingdom,Chrome,browser,50.27
2022-10-01,United Kingdom,Chrome,browser,51.06
2022-11-01,United Kingdom,Chrome,browser,50.52
2022-12-01,United Kingdom,Chrome,browser,49.94
2023-01-01,United Kingdom,Chrome,browser,53.79
2023-02-01,United Kingdom,Chrome,browser,54.17
2023-03-01,United Kingdom,Chrome,browser,57.19
2023-04-01,United Kingdom,Chrome,browser,54.75
2023-05-01,United Kingdom,Chrome,browser,56.84
2023-06-01,United Kingdom,Chrome,browser,55.66
2023-07-01,United Kingdom,Chrome,browser,53.05
2023-08-01,United Kingdom,Chrome,browser,52.4
2023-09-01,United Kingdom,Chrome,browser,49.22
2023-10-01,United Kingdom,Chrome,browser,51.12
2023-11-01,United Kingdom,Chrome,browser,50.11
2023-12-01,United Kingdom,Chrome,browser,50.33
2024-01-01,United Kingdom,Chrome,browser,53.14
2024-02-01,United Kingdom,Chrome,browser,53.13
2024-03-01,United Kingdom,Chrome,browser,55.77
2024-04-01,United Kingdom,Chrome,browser,55.3
2024-05-01,United Kingdom,Chrome,browser,56.47
2024-06-01,United Kingdom,Chrome,browser,54.38
2024-07-01,United Kingdom,Chrome,browser,52.58
2024-08-01,United Kingdom,Chrome,browser,48.97
2024-09-01,United Kingdom,Chrome,browser,50.21
2024-10-01,United Kingdom,Chrome,browser,47.89
2024-11-01,United Kingdom,Chrome,browser,47.43
2024-12-01,United Kingdom,Chrome,browser,52.84
2025-01-01,United Kingdom,Chrome,browser,51.71
2025-02-01,United Kingdom,Chrome,browser,54.62
2025-03-01,United Kingdom,Chrome,browser,53.98
2025-04-01,United Kingdom,Chrome,browser,54.79
2025-05-01,United Kingdom,Chrome,browser,53.46
2025-06-01,United Kingdom,Chrome,browser,48.97
2025-07-01,United Kingdom,Chrome,browser,51.6
2025-08-01,United Kingdom,Chrome,browser,51.47
2025-09-01,United Kingdom,Chrome,browser,48.9
2025-10-01,United Kingdom,Chrome,browser,47.77
2025-11-01,United Kingdom,Chrome,browser,48.12
2025-12-01,United Kingdom,Chrome,browser,49.05
2026-01-01,United Kingdom,Chrome,browser,50.86
2026-02-01,United Kingdom,Chrome,browser,53.16
2026-03-01,United Kingdom,Chrome,browser,53.98
2026-04-01,United Kingdom,Chrome,browser,54.12
2026-05-01,United Kingdom,Chrome,browser,50.48
2026-06-01,United Kingdom,Chrome,browser,52.58
2019-01-01,United Kingdom,Safari,browser,21.11
2019-02-01,United Kingdom,Safari,browser,19.17
2019-03-01,United Kingdom,Safari,browser,18.89
2019-04-01,United Kingdom,Safari,browser,19.71
2019-05-01,United Kingdom,Safari,browser,22.09
2019-06-01,United Kingdom,Safari,browser,20.9
2019-07-01,United Kingdom,Safari,browser,21.15
2019-08-01,United Kingdom,Safari,browser,20.17
2019-09-01,United Kingdom,Safari,browser,16.59
2019-10-01,United Kingdom,Safari,browser,19.61
2019-11-01,United Kingdom,Safari,browser,18.62
2019-12-01,United Kingdom,Safari,browser,18.59
2020-01-01,United Kingdom,Safari,browser,20.68
2020-02-01,United Kingdom,Safari,browser,18.07
2020-03-01,United Kingdom,Safari,browser,20.32
2020-04-01,United Kingdom,Safari,browser,19.65
2020-05-01,United Kingdom,Safari,browser,17.93
2020-06-01,United Kingdom,Safari,browser,20.32
2020-07-01,United Kingdom,Safari,browser,22.9
2020-08-01,United Kingdom,Safari,browser,19.08
2020-09-01,United Kingdom,Safari,browser,17.05
2020-10-01,United Kingdom,Safari,browser,18.26
2020-11-01,United Kingdom,Safari,browser,19.83
2020-12-01,United Kingdom,Safari,browser,18.72
2021-01-01,United Kingdom,Safari,browser,20.23
2021-02-01,United Kingdom,Safari,browser,20.34
2021-03-01,United Kingdom,Safari,browser,21.36
2021-04-01,United Kingdom,Safari,browser,23.98
2021-05-01,United Kingdom,Safari,browser,21.41
2021-06-01,United Kingdom,Safari,browser,19.45
2021-07-01,United Kingdom,Safari,browser,18.39
2021-08-01,United Kingdom,Safari,browser,20.1
2021-09-01,United Kingdom,Safari,browser,20.16
2021-10-01,United Kingdom,Safari,browser,17.63
2021-11-01,United Kingdom,Safari,browser,18.77
2021-12-01,United Kingdom,Safari,browser,18.64
2022-01-01,United Kingdom,Safari,browser,15.79
2022-02-01,United Kingdom,Safari,browser,20.85
2022-03-01,United Kingdom,Safari,browser,17.53
2022-04-01,United Kingdom,Safari,browser,19.61
2022-05-01,United Kingdom,Safari,browser,21.14
2022-06-01,United Kingdom,Safari,browser,20.36
2022-07-01,United Kingdom,Safari,browser,19.06
2022-08-01,United Kingdom,Safari,browser,17.74
2022-09-01,United Kingdom,Safari,browser,15.71
2022-10-01,United Kingdom,Safari,browser,15.8
2022-11-01,United Kingdom,Safari,browser,19.11
2022-12-01,United Kingdom,Safari,browser,18.41
2023-01-01,United Kingdom,Safari,browser,18.79
2023-02-01,United Kingdom,Safari,browser,17.9
2023-03-01,United Kingdom,Safari,browser,20.56
2023-04-01,United Kingdom,Safari,browser,21.22
2023-05-01,United Kingdom,Safari,browser,19.55
2023-06-01,United Kingdom,Safari,browser,21.15
2023-07-01,United Kingdom,Safari,browser,16.75
2023-08-01,United Kingdom,Safari,browser,18.84
2023-09-01,United Kingdom,Safari,browser,18.78
2023-10-01,United Kingdom,Safari,browser,17.05
2023-11-01,United Kingdom,Safari,browser,19.45
2023-12-01,United Kingdom,Safari,browser,19.94
2024-01-01,United Kingdom,Safari,browser,21.74
2024-02-01,United Kingdom,Safari,browser,20.75
2024-03-01,United Kingdom,Safari,browser,22.32
2024-04-01,United Kingdom,Safari,browser,21.23
2024-05-01,United Kingdom,Safari,browser,18.69
2024-06-01,United Kingdom,Safari,browser,18.93
2024-07-01,United Kingdom,Safari,browser,18.36
2024-08-01,United Kingdom,Safari,browser,20.68
2024-09-01,United Kingdom,Safari,browser,20.13
2024-10-01,United Kingdom,Safari,browser,19.94
2024-11-01,United Kingdom,Safari,browser,18.4
2024-12-01,United Kingdom,Safari,browser,20.87
2025-01-01,United Kingdom,Safari,browser,18.82
2025-02-01,United Kingdom,Safari,browser,22.48
2025-03-01,United Kingdom,Safari,browser,20.24
2025-04-01,United Kingdom,Safari,browser,22.42
2025-05-01,United Kingdom,Safari,browser,22.56
2025-06-01,United Kingdom,Safari,browser,20.32
2025-07-01,United Kingdom,Safari,browser,21.04
2025-08-01,United Kingdom,Safari,browser,19.41
2025-09-01,United Kingdom,Safari,browser,18.51
2025-10-01,United Kingdom,Safari,browser,17.6
2025-11-01,United Kingdom,Safari,browser,19.19
2025-12-01,United Kingdom,Safari,browser,20.73
2026-01-01,United Kingdom,Safari,browser,21.5
2026-02-01,United Kingdom,Safari,browser,19.2
2026-03-01,United Kingdom,Safari,browser,24.58
2026-04-01,United Kingdom,Safari,browser,23.51
2026-05-01,United Kingdom,Safari,browser,23.4
2026-06-01,United Kingdom,Safari,browser,20.57
2019-01-01,United Kingdom,Edge,browser,8.22
2019-02-01,United Kingdom,Edge,browser,9.15
2019-03-01,United Kingdom,Edge,browser,7.8
2019-04-01,United Kingdom,Edge,browser,7.24
2019-05-01,United Kingdom,Edge,browser,8.25
2019-06-01,United Kingdom,Edge,browser,9.66
2019-07-01,United Kingdom,Edge,browser,6.98
2019-08-01,United Kingdom,Edge,browser,5.07
2019-09-01,United Kingdom,Edge,browser,7.97
2019-10-01,United Kingdom,Edge,browser,9.51
2019-11-01,United Kingdom,Edge,browser,10.38
2019-12-01,United Kingdom,Edge,browser,4.99
2020-01-01,United Kingdom,Edge,browser,6.26
2020-02-01,United Kingdom,Edge,browser,8.46
2020-03-01,United Kingdom,Edge,browser,9.23
2020-04-01,United Kingdom,Edge,browser,10.54
2020-05-01,United Kingdom,Edge,browser,8.16
2020-06-01,United Kingdom,Edge,browser,8.93
2020-07-01,United Kingdom,Edge,browser,9.6
2020-08-01,United Kingdom,Edge,browser,8.5
2020-09-01,United Kingdom,Edge,browser,9.05
2020-10-01,United Kingdom,Edge,browser,6.89
2020-11-01,United Kingdom,Edge,browser,7.1
2020-12-01,United Kingdom,Edge,browser,8.53
2021-01-01,United Kingdom,Edge,browser,9.08
2021-02-01,United Kingdom,Edge,browser,8.63
2021-03-01,United Kingdom,Edge,browser,8.53
2021-04-01,United Kingdom,Edge,browser,9.35
2021-05-01,United Kingdom,Edge,browser,9.89
2021-06-01,United Kingdom,Edge,browser,12.25
2021-07-01,United Kingdom,Edge,browser,9.09
2021-08-01,United Kingdom,Edge,browser,8.74
2021-09-01,United Kingdom,Edge,browser,6.88
2021-10-01,United Kingdom,Edge,browser,10.18
2021-11-01,United Kingdom,Edge,browser,7.4
2021-12-01,United Kingdom,Edge,browser,9.1
2022-01-01,United Kingdom,Edge,browser,7.41
2022-02-01,United Kingdom,Edge,browser,10.17
2022-03-01,United Kingdom,Edge,browser,9.04
2022-04-01,United Kingdom,Edge,browser,7.83
2022-05-01,United Kingdom,Edge,browser,10.94
2022-06-01,United Kingdom,Edge,browser,8.42
2022-07-01,United Kingdom,Edge,browser,10.58
2022-08-01,United Kingdom,Edge,browser,8.27
2022-09-01,United Kingdom,Edge,browser,7.99
2022-10-01,United Kingdom,Edge,browser,10.15
2022-11-01,United Kingdom,Edge,browser,8.08
2022-12-01,United Kingdom,Edge,browser,10.79
2023-01-01,United Kingdom,Edge,browser,8.64
2023-02-01,United Kingdom,Edge,browser,10.06
2023-03-01,United Kingdom,Edge,browser,6.44
2023-04-01,United Kingdom,Edge,browser,9.64
2023-05-01,United Kingdom,Edge,browser,9.97
2023-06-01,United Kingdom,Edge,browser,10.0
2023-07-01,United Kingdom,Edge,browser,8.18
2023-08-01,United Kingdom,Edge,browser,9.61
2023-09-01,United Kingdom,Edge,browser,8.73
2023-10-01,United Kingdom,Edge,browser,8.07
2023-11-01,United Kingdom,Edge,browser,8.54
2023-12-01,United Kingdom,Edge,browser,9.92
2024-01-01,United Kingdom,Edge,browser,11.27
2024-02-01,United Kingdom,Edge,browser,10.9
2024-03-01,United Kingdom,Edge,browser,9.33
2024-04-01,United Kingdom,Edge,browser,9.38
2024-05-01,United Kingdom,Edge,browser,10.49
2024-06-01,United Kingdom,Edge,browser,10.59
2024-07-01,United Kingdom,Edge,browser,8.99
2024-08-01,United Kingdom,Edge,browser,11.51
2024-09-01,United Kingdom,Edge,browser,8.09
2024-10-01,United Kingdom,Edge,browser,5.88
2024-11-01,United Kingdom,Edge,browser,7.87
2024-12-01,United Kingdom,Edge,browser,8.64
2025-01-01,United Kingdom,Edge,browser,9.35
2025-02-01,United Kingdom,Edge,browser,9.23
2025-03-01,United Kingdom,Edge,browser,12.19
2025-04-01,United Kingdom,Edge,browser,7.87
2025-05-01,United Kingdom,Edge,browser,11.69
2025-06-01,United Kingdom,Edge,browser,11.62
2025-07-01,United Kingdom,Edge,browser,10.36
2025-08-01,United Kingdom,Edge,browser,12.12
2025-09-01,United Kingdom,Edge,browser,10.45
2025-10-01,United Kingdom,Edge,browser,11.16
2025-11-01,United Kingdom,Edge,browser,8.93
2025-12-01,United Kingdom,Edge,browser,12.02
2026-01-01,United Kingdom,Edge,browser,11.35
2026-02-01,United Kingdom,Edge,browser,10.46
2026-03-01,United Kingdom,Edge,browser,8.08
2026-04-01,United Kingdom,Edge,browser,10.63
2026-05-01,United Kingdom,Edge,browser,12.23
2026-06-01,United Kingdom,Edge,browser,10.32
2019-01-01,United Kingdom,Firefox,browser,5.34
2019-02-01,United Kingdom,Firefox,browser,7.79
2019-03-01,United Kingdom,Firefox,browser,5.74
2019-04-01,United Kingdom,Firefox,browser,8.54
2019-05-01,United Kingdom,Firefox,browser,7.96
2019-06-01,United Kingdom,Firefox,browser,5.39
2019-07-01,United Kingdom,Firefox,browser,3.13
2019-08-01,United Kingdom,Firefox,browser,7.59
2019-09-01,United Kingdom,Firefox,browser,6.94
2019-10-01,United Kingdom,Firefox,browser,5.47
2019-11-01,United Kingdom,Firefox,browser,4.61
2019-12-01,United Kingdom,Firefox,browser,5.0
2020-01-01,United Kingdom,Firefox,browser,8.59
2020-02-01,United Kingdom,Firefox,browser,8.64
2020-03-01,United Kingdom,Firefox,browser,3.37
2020-04-01,United Kingdom,Firefox,browser,4.88
2020-05-01,United Kingdom,Firefox,browser,2.77
2020-06-01,United Kingdom,Firefox,browser,6.31
2020-07-01,United Kingdom,Firefox,browser,7.4
2020-08-01,United Kingdom,Firefox,browser,3.07
2020-09-01,United Kingdom,Firefox,browser,4.34
2020-10-01,United Kingdom,Firefox,browser,4.43
2020-11-01,United Kingdom,Firefox,browser,5.99
2020-12-01,United Kingdom,Firefox,browser,5.07
2021-01-01,United Kingdom,Firefox,browser,4.85
2021-02-01,United Kingdom,Firefox,browser,6.01
2021-03-01,United Kingdom,Firefox,browser,7.13
2021-04-01,United Kingdom,Firefox,browser,6.41
2021-05-01,United Kingdom,Firefox,browser,3.71
2021-06-01,United Kingdom,Firefox,browser,4.53
2021-07-01,United Kingdom,Firefox,browser,2.61
2021-08-01,United Kingdom,Firefox,browser,1.89
2021-09-01,United Kingdom,Firefox,browser,3.51
2021-10-01,United Kingdom,Firefox,browser,7.48
2021-11-01,United Kingdom,Firefox,browser,4.64
2021-12-01,United Kingdom,Firefox,browser,5.86
2022-01-01,United Kingdom,Firefox,browser,5.03
2022-02-01,United Kingdom,Firefox,browser,4.28
2022-03-01,United Kingdom,Firefox,browser,7.31
2022-04-01,United Kingdom,Firefox,browser,4.75
2022-05-01,United Kingdom,Firefox,browser,3.55
2022-06-01,United Kingdom,Firefox,browser,3.58
2022-07-01,United Kingdom,Firefox,browser,5.21
2022-08-01,United Kingdom,Firefox,browser,4.01
2022-09-01,United Kingdom,Firefox,browser,6.18
2022-10-01,United Kingdom,Firefox,browser,5.41
2022-11-01,United Kingdom,Firefox,browser,4.41
2022-12-01,United Kingdom,Firefox,browser,4.42
2023-01-01,United Kingdom,Firefox,browser,6.52
2023-02-01,United Kingdom,Firefox,browser,4.93
2023-03-01,United Kingdom,Firefox,browser,4.22
2023-04-01,United Kingdom,Firefox,browser,3.11
2023-05-01,United Kingdom,Firefox,browser,7.34
2023-06-01,United Kingdom,Firefox,browser,3.37
2023-07-01,United Kingdom,Firefox,browser,4.33
2023-08-01,United Kingdom,Firefox,browser,6.19
2023-09-01,United Kingdom,Firefox,browser,3.64
2023-10-01,United Kingdom,Firefox,browser,4.77
2023-11-01,United Kingdom,Firefox,browser,2.52
2023-12-01,United Kingdom,Firefox,browser,4.3
2024-01-01,United Kingdom,Firefox,browser,4.62
2024-02-01,United Kingdom,Firefox,browser,4.36
2024-03-01,United Kingdom,Firefox,browser,3.43
2024-04-01,United Kingdom,Firefox,browser,4.45
2024-05-01,United Kingdom,Firefox,browser,1.91
2024-06-01,United Kingdom,Firefox,browser,5.84
2024-07-01,United Kingdom,Firefox,browser,5.93
2024-08-01,United Kingdom,Firefox,browser,3.59
2024-09-01,United Kingdom,Firefox,browser,5.14
2024-10-01,United Kingdom,Firefox,browser,4.16
2024-11-01,United Kingdom,Firefox,browser,9.02
2024-12-01,United Kingdom,Firefox,browser,3.06
2025-01-01,United Kingdom,Firefox,browser,4.04
2025-02-01,United Kingdom,Firefox,browser,3.21
2025-03-01,United Kingdom,Firefox,browser,5.18
2025-04-01,United Kingdom,Firefox,browser,6.95
2025-05-01,United Kingdom,Firefox,browser,3.08
2025-06-01,United Kingdom,Firefox,browser,4.04
2025-07-01,United Kingdom,Firefox,browser,5.52
2025-08-01,United Kingdom,Firefox,browser,5.12
2025-09-01,United Kingdom,Firefox,browser,3.81
2025-10-01,United Kingdom,Firefox,browser,2.12
2025-11-01,United Kingdom,Firefox,browser,0.61
2025-12-01,United Kingdom,Firefox,browser,4.55
2026-01-01,United Kingdom,Firefox,browser,0.75
2026-02-01,United Kingdom,Firefox,browser,6.08
2026-03-01,United Kingdom,Firefox,browser,0.55
2026-04-01,United Kingdom,Firefox,browser,2.02
2026-05-01,United Kingdom,Firefox,browser,5.27
2026-06-01,United Kingdom,Firefox,browser,3.32
2019-01-01,United Kingdom,Samsung Internet,browser,6.31
2019-02-01,United Kingdom,Samsung Internet,browser,5.11
2019-03-01,United Kingdom,Samsung Internet,browser,6.41
2019-04-01,United Kingdom,Samsung Internet,browser,6.58
2019-05-01,United Kingdom,Samsung Internet,browser,10.11
2019-06-01,United Kingdom,Samsung Internet,browser,5.8
2019-07-01,United Kingdom,Samsung Internet,browser,6.38
2019-08-01,United Kingdom,Samsung Internet,browser,4.19
2019-09-01,United Kingdom,Samsung Internet,browser,5.56
2019-10-01,United Kingdom,Samsung Internet,browser,5.38
2019-11-01,United Kingdom,Samsung Internet,browser,6.76
2019-12-01,United Kingdom,Samsung Internet,browser,5.55
2020-01-01,United Kingdom,Samsung Internet,browser,6.35
2020-02-01,United Kingdom,Samsung Internet,browser,9.03
2020-03-01,United Kingdom,Samsung Internet,browser,5.56
2020-04-01,United Kingdom,Samsung Internet,browser,6.89
2020-05-01,United Kingdom,Samsung Internet,browser,7.98
2020-06-01,United Kingdom,Samsung Internet,browser,5.25
2020-07-01,United Kingdom,Samsung Internet,browser,9.0
2020-08-01,United Kingdom,Samsung Internet,browser,6.62
2020-09-01,United Kingdom,Samsung Internet,browser,6.9
2020-10-01,United Kingdom,Samsung Internet,browser,6.24
2020-11-01,United Kingdom,Samsung Internet,browser,6.33
2020-12-01,United Kingdom,Samsung Internet,browser,7.72
2021-01-01,United Kingdom,Samsung Internet,browser,9.97
2021-02-01,United Kingdom,Samsung Internet,browser,5.21
2021-03-01,United Kingdom,Samsung Internet,browser,8.85
2021-04-01,United Kingdom,Samsung Internet,browser,7.43
2021-05-01,United Kingdom,Samsung Internet,browser,8.97
2021-06-01,United Kingdom,Samsung Internet,browser,6.83
2021-07-01,United Kingdom,Samsung Internet,browser,7.22
2021-08-01,United Kingdom,Samsung Internet,browser,8.0
2021-09-01,United Kingdom,Samsung Internet,browser,5.4
2021-10-01,United Kingdom,Samsung Internet,browser,7.88
2021-11-01,United Kingdom,Samsung Internet,browser,9.37
2021-12-01,United Kingdom,Samsung Internet,browser,8.48
2022-01-01,United Kingdom,Samsung Internet,browser,4.7
2022-02-01,United Kingdom,Samsung Internet,browser,6.1
2022-03-01,United Kingdom,Samsung Internet,browser,8.07
2022-04-01,United Kingdom,Samsung Internet,browser,7.75
2022-05-01,United Kingdom,Samsung Internet,browser,7.28
2022-06-01,United Kingdom,Samsung Internet,browser,7.57
2022-07-01,United Kingdom,Samsung Internet,browser,8.02
2022-08-01,United Kingdom,Samsung Internet,browser,7.73
2022-09-01,United Kingdom,Samsung Internet,browser,5.84
2022-10-01,United Kingdom,Samsung Internet,browser,5.46
2022-11-01,United Kingdom,Samsung Internet,browser,5.93
2022-12-01,United Kingdom,Samsung Internet,browser,9.23
2023-01-01,United Kingdom,Samsung Internet,browser,9.54
2023-02-01,United Kingdom,Samsung Internet,browser,7.52
2023-03-01,United Kingdom,Samsung Internet,browser,6.35
2023-04-01,United Kingdom,Samsung Internet,browser,5.86
2023-05-01,United Kingdom,Samsung Internet,browser,6.72
2023-06-01,United Kingdom,Samsung Internet,browser,5.73
2023-07-01,United Kingdom,Samsung Internet,browser,3.62
2023-08-01,United Kingdom,Samsung Internet,browser,6.57
2023-09-01,United Kingdom,Samsung Internet,browser,6.66
2023-10-01,United Kingdom,Samsung Internet,browser,5.99
2023-11-01,United Kingdom,Samsung Internet,browser,7.48
2023-12-01,United Kingdom,Samsung Internet,browser,4.97
2024-01-01,United Kingdom,Samsung Internet,browser,6.32
2024-02-01,United Kingdom,Samsung Internet,browser,7.36
2024-03-01,United Kingdom,Samsung Internet,browser,10.4
2024-04-01,United Kingdom,Samsung Internet,browser,9.21
2024-05-01,United Kingdom,Samsung Internet,browser,7.75
2024-06-01,United Kingdom,Samsung Internet,browser,8.31
2024-07-01,United Kingdom,Samsung Internet,browser,8.09
2024-08-01,United Kingdom,Samsung Internet,browser,6.67
2024-09-01,United Kingdom,Samsung Internet,browser,7.58
2024-10-01,United Kingdom,Samsung Internet,browser,7.38
2024-11-01,United Kingdom,Samsung Internet,browser,7.0
2024-12-01,United Kingdom,Samsung Internet,browser,6.18
2025-01-01,United Kingdom,Samsung Internet,browser,6.92
2025-02-01,United Kingdom,Samsung Internet,browser,6.88
2025-03-01,United Kingdom,Samsung Internet,browser,6.12
2025-04-01,United Kingdom,Samsung Internet,browser,8.01
2025-05-01,United Kingdom,Samsung Internet,browser,6.14
2025-06-01,United Kingdom,Samsung Internet,browser,9.19
2025-07-01,United Kingdom,Samsung Internet,browser,7.64
2025-08-01,United Kingdom,Samsung Internet,browser,8.81
2025-09-01,United Kingdom,Samsung Internet,browser,5.73
2025-10-01,United Kingdom,Samsung Internet,browser,5.35
2025-11-01,United Kingdom,Samsung Internet,browser,7.31
2025-12-01,United Kingdom,Samsung Internet,browser,6.5
2026-01-01,United Kingdom,Samsung Internet,browser,7.92
2026-02-01,United Kingdom,Samsung Internet,browser,7.29
2026-03-01,United Kingdom,Samsung Internet,browser,10.05
2026-04-01,United Kingdom,Samsung Internet,browser,12.31
2026-05-01,United Kingdom,Samsung Internet,browser,6.32
2026-06-01,United Kingdom,Samsung Internet,browser,6.16
2019-01-01,United Kingdom,Opera,browser,3.89
2019-02-01,United Kingdom,Opera,browser,5.27
2019-03-01,United Kingdom,Opera,browser,3.28
2019-04-01,United Kingdom,Opera,browser,3.79
2019-05-01,United Kingdom,Opera,browser,2.72
2019-06-01,United Kingdom,Opera,browser,3.01
2019-07-01,United Kingdom,Opera,browser,5.21
2019-08-01,United Kingdom,Opera,browser,1.74
2019-09-01,United Kingdom,Opera,browser,3.31
2019-10-01,United Kingdom,Opera,browser,2.18
2019-11-01,United Kingdom,Opera,browser,0.5
2019-12-01,United Kingdom,Opera,browser,5.43
2020-01-01,United Kingdom,Opera,browser,5.21
2020-02-01,United Kingdom,Opera,browser,4.02
2020-03-01,United Kingdom,Opera,browser,1.9
2020-04-01,United Kingdom,Opera,browser,4.27
2020-05-01,United Kingdom,Opera,browser,7.19
2020-06-01,United Kingdom,Opera,browser,4.22
2020-07-01,United Kingdom,Opera,browser,2.65
2020-08-01,United Kingdom,Opera,browser,5.94
2020-09-01,United Kingdom,Opera,browser,3.18
2020-10-01,United Kingdom,Opera,browser,2.37
2020-11-01,United Kingdom,Opera,browser,6.12
2020-12-01,United Kingdom,Opera,browser,4.59
2021-01-01,United Kingdom,Opera,browser,4.82
2021-02-01,United Kingdom,Opera,browser,6.09
2021-03-01,United Kingdom,Opera,browser,3.38
2021-04-01,United Kingdom,Opera,browser,4.69
2021-05-01,United Kingdom,Opera,browser,3.27
2021-06-01,United Kingdom,Opera,browser,2.79
2021-07-01,United Kingdom,Opera,browser,3.64
2021-08-01,United Kingdom,Opera,browser,3.68
2021-09-01,United Kingdom,Opera,browser,5.03
2021-10-01,United Kingdom,Opera,browser,4.67
2021-11-01,United Kingdom,Opera,browser,4.19
2021-12-01,United Kingdom,Opera,browser,2.85
2022-01-01,United Kingdom,Opera,browser,1.55
2022-02-01,United Kingdom,Opera,browser,4.84
2022-03-01,United Kingdom,Opera,browser,4.65
2022-04-01,United Kingdom,Opera,browser,2.93
2022-05-01,United Kingdom,Opera,browser,4.27
2022-06-01,United Kingdom,Opera,browser,2.58
2022-07-01,United Kingdom,Opera,browser,5.26
2022-08-01,United Kingdom,Opera,browser,3.4
2022-09-01,United Kingdom,Opera,browser,3.09
2022-10-01,United Kingdom,Opera,browser,3.29
2022-11-01,United Kingdom,Opera,browser,2.51
2022-12-01,United Kingdom,Opera,browser,3.78
2023-01-01,United Kingdom,Opera,browser,6.51
2023-02-01,United Kingdom,Opera,browser,1.59
2023-03-01,United Kingdom,Opera,browser,2.82
2023-04-01,United Kingdom,Opera,browser,5.44
2023-05-01,United Kingdom,Opera,browser,5.67
2023-06-01,United Kingdom,Opera,browser,8.21
2023-07-01,United Kingdom,Opera,browser,0.5
2023-08-01,United Kingdom,Opera,browser,2.47
2023-09-01,United Kingdom,Opera,browser,4.41
2023-10-01,United Kingdom,Opera,browser,10.62
2023-11-01,United Kingdom,Opera,browser,2.89
2023-12-01,United Kingdom,Opera,browser,5.97
2024-01-01,United Kingdom,Opera,browser,3.17
2024-02-01,United Kingdom,Opera,browser,3.56
2024-03-01,United Kingdom,Opera,browser,5.42
2024-04-01,United Kingdom,Opera,browser,5.49
2024-05-01,United Kingdom,Opera,browser,4.35
2024-06-01,United Kingdom,Opera,browser,8.45
2024-07-01,United Kingdom,Opera,browser,4.62
2024-08-01,United Kingdom,Opera,browser,2.66
2024-09-01,United Kingdom,Opera,browser,3.15
2024-10-01,United Kingdom,Opera,browser,3.81
2024-11-01,United Kingdom,Opera,browser,1.01
2024-12-01,United Kingdom,Opera,browser,3.12
2025-01-01,United Kingdom,Opera,browser,8.04
2025-02-01,United Kingdom,Opera,browser,4.85
2025-03-01,United Kingdom,Opera,browser,4.48
2025-04-01,United Kingdom,Opera,browser,3.35
2025-05-01,United Kingdom,Opera,browser,3.13
2025-06-01,United Kingdom,Opera,browser,3.12
2025-07-01,United Kingdom,Opera,browser,7.03
2025-08-01,United Kingdom,Opera,browser,3.95
2025-09-01,United Kingdom,Opera,browser,4.44
2025-10-01,United Kingdom,Opera,browser,5.76
2025-11-01,United Kingdom,Opera,browser,5.66
2025-12-01,United Kingdom,Opera,browser,5.8
2026-01-01,United Kingdom,Opera,browser,3.61
2026-02-01,United Kingdom,Opera,browser,4.81
2026-03-01,United Kingdom,Opera,browser,8.99
2026-04-01,United Kingdom,Opera,browser,1.51
2026-05-01,United Kingdom,Opera,browser,2.82
2026-06-01,United Kingdom,Opera,browser,4.41
2019-01-01,India,Chrome,browser,52.65
2019-02-01,India,Chrome,browser,57.88
2019-03-01,India,Chrome,browser,58.29
2019-04-01,India,Chrome,browser,59.17
2019-05-01,India,Chrome,browser,59.07
2019-06-01,India,Chrome,browser,59.44
2019-07-01,India,Chrome,browser,56.01
2019-08-01,India,Chrome,browser,51.03
2019-09-01,India,Chrome,browser,50.62
2019-10-01,India,Chrome,browser,50.46
2019-11-01,India,Chrome,browser,53.32
2019-12-01,India,Chrome,browser,51.51
2020-01-01,India,Chrome,browser,49.94
2020-02-01,India,Chrome,browser,59.08
2020-03-01,India,Chrome,browser,55.28
2020-04-01,India,Chrome,browser,60.28
2020-05-01,India,Chrome,browser,55.71
2020-06-01,India,Chrome,browser,59.53
2020-07-01,India,Chrome,browser,53.59
2020-08-01,India,Chrome,browser,53.47
2020-09-01,India,Chrome,browser,53.28
2020-10-01,India,Chrome,browser,47.62
2020-11-01,India,Chrome,browser,51.45
2020-12-01,India,Chrome,browser,52.66
2021-01-01,India,Chrome,browser,54.96
2021-02-01,India,Chrome,browser,58.11
2021-03-01,India,Chrome,browser,56.78
2021-04-01,India,Chrome,browser,56.18
2021-05-01,India,Chrome,browser,57.49
2021-06-01,India,Chrome,browser,56.18
2021-07-01,India,Chrome,browser,54.63
2021-08-01,India,Chrome,browser,49.01
2021-09-01,India,Chrome,browser,50.24
2021-10-01,India,Chrome,browser,50.69
2021-11-01,India,Chrome,browser,51.3
2021-12-01,India,Chrome,browser,49.96
2022-01-01,India,Chrome,browser,54.77
2022-02-01,India,Chrome,browser,55.19
2022-03-01,India,Chrome,browser,54.98
2022-04-01,India,Chrome,browser,54.73
2022-05-01,India,Chrome,browser,55.9
2022-06-01,India,Chrome,browser,57.1
2022-07-01,India,Chrome,browser,53.45
2022-08-01,India,Chrome,browser,50.47
2022-09-01,India,Chrome,browser,48.15
2022-10-01,India,Chrome,browser,49.31
2022-11-01,India,Chrome,browser,50.37
2022-12-01,India,Chrome,browser,50.49
2023-01-01,India,Chrome,browser,51.58
2023-02-01,India,Chrome,browser,55.99
2023-03-01,India,Chrome,browser,56.47
2023-04-01,India,Chrome,browser,57.83
2023-05-01,India,Chrome,browser,55.49
2023-06-01,India,Chrome,browser,53.76
2023-07-01,India,Chrome,browser,51.9
2023-08-01,India,Chrome,browser,50.24
2023-09-01,India,Chrome,browser,46.35
2023-10-01,India,Chrome,browser,51.56
2023-11-01,India,Chrome,browser,49.32
2023-12-01,India,Chrome,browser,51.18
2024-01-01,India,Chrome,browser,52.4
2024-02-01,India,Chrome,browser,55.28
2024-03-01,India,Chrome,browser,54.81
2024-04-01,India,Chrome,browser,56.51
2024-05-01,India,Chrome,browser,53.55
2024-06-01,India,Chrome,browser,52.65
2024-07-01,India,Chrome,browser,52.67
2024-08-01,India,Chrome,browser,50.13
2024-09-01,India,Chrome,browser,48.79
2024-10-01,India,Chrome,browser,46.3
2024-11-01,India,Chrome,browser,47.29
2024-12-01,India,Chrome,browser,48.86
2025-01-01,India,Chrome,browser,51.14
2025-02-01,India,Chrome,browser,54.01
2025-03-01,India,Chrome,browser,54.63
2025-04-01,India,Chrome,browser,52.34
2025-05-01,India,Chrome,browser,54.31
2025-06-01,India,Chrome,browser,52.82
2025-07-01,India,Chrome,browser,47.97
2025-08-01,India,Chrome,browser,49.08
2025-09-01,India,Chrome,browser,50.01
2025-10-01,India,Chrome,browser,45.99
2025-11-01,India,Chrome,browser,47.33
2025-12-01,India,Chrome,browser,49.66
2026-01-01,India,Chrome,browser,52.8
2026-02-01,India,Chrome,browser,55.83
2026-03-01,India,Chrome,browser,54.92
2026-04-01,India,Chrome,browser,53.52
2026-05-01,India,Chrome,browser,53.93
2026-06-01,India,Chrome,browser,53.1
2019-01-01,India,Safari,browser,20.05
2019-02-01,India,Safari,browser,20.33
2019-03-01,India,Safari,browser,19.41
2019-04-01,India,Safari,browser,18.79
2019-05-01,India,Safari,browser,20.02
2019-06-01,India,Safari,browser,21.29
2019-07-01,India,Safari,browser,20.95
2019-08-01,India,Safari,browser,18.55
2019-09-01,India,Safari,browser,20.12
2019-10-01,India,Safari,browser,20.05
2019-11-01,India,Safari,browser,18.86
2019-12-01,India,Safari,browser,17.19
2020-01-01,India,Safari,browser,20.34
2020-02-01,India,Safari,browser,19.68
2020-03-01,India,Safari,browser,23.36
2020-04-01,India,Safari,browser,21.95
2020-05-01,India,Safari,browser,22.7
2020-06-01,India,Safari,browser,18.38
2020-07-01,India,Safari,browser,20.68
2020-08-01,India,Safari,browser,20.59
2020-09-01,India,Safari,browser,22.03
2020-10-01,India,Safari,browser,18.77
2020-11-01,India,Safari,browser,17.27
2020-12-01,India,Safari,browser,18.25
2021-01-01,India,Safari,browser,16.5
2021-02-01,India,Safari,browser,20.13
2021-03-01,India,Safari,browser,22.66
2021-04-01,India,Safari,browser,23.27
2021-05-01,India,Safari,browser,21.82
2021-06-01,India,Safari,browser,21.77
2021-07-01,India,Safari,browser,20.56
2021-08-01,India,Safari,browser,20.45
2021-09-01,India,Safari,browser,18.38
2021-10-01,India,Safari,browser,19.14
2021-11-01,India,Safari,browser,16.78
2021-12-01,India,Safari,browser,18.74
2022-01-01,India,Safari,browser,20.21
2022-02-01,India,Safari,browser,22.46
2022-03-01,India,Safari,browser,22.69
2022-04-01,India,Safari,browser,23.05
2022-05-01,India,Safari,browser,19.86
2022-06-01,India,Safari,browser,21.44
2022-07-01,India,Safari,browser,21.73
2022-08-01,India,Safari,browser,20.53
2022-09-01,India,Safari,browser,20.13
2022-10-01,India,Safari,browser,19.36
2022-11-01,India,Safari,browser,18.43
2022-12-01,India,Safari,browser,19.41
2023-01-01,India,Safari,browser,16.58
2023-02-01,India,Safari,browser,20.2
2023-03-01,India,Safari,browser,19.05
2023-04-01,India,Safari,browser,21.32
2023-05-01,India,Safari,browser,24.12
2023-06-01,India,Safari,browser,20.44
2023-07-01,India,Safari,browser,20.98
2023-08-01,India,Safari,browser,20.66
2023-09-01,India,Safari,browser,20.44
2023-10-01,India,Safari,browser,21.56
2023-11-01,India,Safari,browser,17.25
2023-12-01,India,Safari,browser,20.96
2024-01-01,India,Safari,browser,20.67
2024-02-01,India,Safari,browser,19.93
2024-03-01,India,Safari,browser,24.08
2024-04-01,India,Safari,browser,21.68
2024-05-01,India,Safari,browser,19.65
2024-06-01,India,Safari,browser,18.79
2024-07-01,India,Safari,browser,18.75
2024-08-01,India,Safari,browser,18.55
2024-09-01,India,Safari,browser,21.29
2024-10-01,India,Safari,browser,18.36
2024-11-01,India,Safari,browser,21.24
2024-12-01,India,Safari,browser,17.43
2025-01-01,India,Safari,browser,19.15
2025-02-01,India,Safari,browser,20.3
2025-03-01,India,Safari,browser,20.09
2025-04-01,India,Safari,browser,18.87
2025-05-01,India,Safari,browser,23.35
2025-06-01,India,Safari,browser,20.36
2025-07-01,India,Safari,browser,20.31
2025-08-01,India,Safari,browser,19.15
2025-09-01,India,Safari,browser,19.92
2025-10-01,India,Safari,browser,17.97
2025-11-01,India,Safari,browser,18.91
2025-12-01,India,Safari,browser,18.4
2026-01-01,India,Safari,browser,18.34
2026-02-01,India,Safari,browser,17.01
2026-03-01,India,Safari,browser,20.53
2026-04-01,India,Safari,browser,22.6
2026-05-01,India,Safari,browser,21.38
2026-06-01,India,Safari,browser,22.43
2019-01-01,India,Edge,browser,10.36
2019-02-01,India,Edge,browser,7.51
2019-03-01,India,Edge,browser,11.49
2019-04-01,India,Edge,browser,7.73
2019-05-01,India,Edge,browser,8.13
2019-06-01,India,Edge,browser,8.5
2019-07-01,India,Edge,browser,9.89
2019-08-01,India,Edge,browser,8.02
2019-09-01,India,Edge,browser,9.93
2019-10-01,India,Edge,browser,7.02
2019-11-01,India,Edge,browser,7.99
2019-12-01,India,Edge,browser,7.4
2020-01-01,India,Edge,browser,7.14
2020-02-01,India,Edge,browser,12.38
2020-03-01,India,Edge,browser,9.32
2020-04-01,India,Edge,browser,6.66
2020-05-01,India,Edge,browser,7.73
2020-06-01,India,Edge,browser,6.96
2020-07-01,India,Edge,browser,8.49
2020-08-01,India,Edge,browser,8.89
2020-09-01,India,Edge,browser,9.11
2020-10-01,India,Edge,browser,7.27
2020-11-01,India,Edge,browser,9.56
2020-12-01,India,Edge,browser,10.68
2021-01-01,India,Edge,browser,10.84
2021-02-01,India,Edge,browser,10.71
2021-03-01,India,Edge,browser,9.35
2021-04-01,India,Edge,browser,10.63
2021-05-01,India,Edge,browser,10.72
2021-06-01,India,Edge,browser,10.35
2021-07-01,India,Edge,browser,7.34
2021-08-01,India,Edge,browser,7.7
2021-09-01,India,Edge,browser,6.14
2021-10-01,India,Edge,browser,9.87
2021-11-01,India,Edge,browser,8.41
2021-12-01,India,Edge,browser,7.8
2022-01-01,India,Edge,browser,6.35
2022-02-01,India,Edge,browser,10.14
2022-03-01,India,Edge,browser,9.73
2022-04-01,India,Edge,browser,12.37
2022-05-01,India,Edge,browser,9.97
2022-06-01,India,Edge,browser,10.36
2022-07-01,India,Edge,browser,7.49
2022-08-01,India,Edge,browser,12.61
2022-09-01,India,Edge,browser,4.92
2022-10-01,India,Edge,browser,7.32
2022-11-01,India,Edge,browser,9.9
2022-12-01,India,Edge,browser,7.77
2023-01-01,India,Edge,browser,13.02
2023-02-01,India,Edge,browser,9.91
2023-03-01,India,Edge,browser,10.27
2023-04-01,India,Edge,browser,9.99
2023-05-01,India,Edge,browser,11.23
2023-06-01,India,Edge,browser,10.37
2023-07-01,India,Edge,browser,8.05
2023-08-01,India,Edge,browser,8.92
2023-09-01,India,Edge,browser,9.15
2023-10-01,India,Edge,browser,8.99
2023-11-01,India,Edge,browser,9.32
2023-12-01,India,Edge,browser,12.96
2024-01-01,India,Edge,browser,8.09
2024-02-01,India,Edge,browser,12.26
2024-03-01,India,Edge,browser,12.01
2024-04-01,India,Edge,browser,12.03
2024-05-01,India,Edge,browser,8.45
2024-06-01,India,Edge,browser,9.58
2024-07-01,India,Edge,browser,10.75
2024-08-01,India,Edge,browser,9.44
2024-09-01,India,Edge,browser,7.98
2024-10-01,India,Edge,browser,8.92
2024-11-01,India,Edge,browser,12.2
2024-12-01,India,Edge,browser,9.19
2025-01-01,India,Edge,browser,9.93
2025-02-01,India,Edge,browser,9.93
2025-03-01,India,Edge,browser,10.59
2025-04-01,India,Edge,browser,10.86
2025-05-01,India,Edge,browser,10.9
2025-06-01,India,Edge,browser,10.97
2025-07-01,India,Edge,browser,7.55
2025-08-01,India,Edge,browser,11.47
2025-09-01,India,Edge,browser,9.75
2025-10-01,India,Edge,browser,12.55
2025-11-01,India,Edge,browser,9.67
2025-12-01,India,Edge,browser,6.21
2026-01-01,India,Edge,browser,10.02
2026-02-01,India,Edge,browser,10.98
2026-03-01,India,Edge,browser,13.06
2026-04-01,India,Edge,browser,8.48
2026-05-01,India,Edge,browser,10.17
2026-06-01,India,Edge,browser,8.98
2019-01-01,India,Firefox,browser,3.01
2019-02-01,India,Firefox,browser,6.53
2019-03-01,India,Firefox,browser,5.66
2019-04-01,India,Firefox,browser,6.76
2019-05-01,India,Firefox,browser,7.93
2019-06-01,India,Firefox,browser,6.33
2019-07-01,India,Firefox,browser,4.74
2019-08-01,India,Firefox,browser,5.25
2019-09-01,India,Firefox,browser,6.42
2019-10-01,India,Firefox,browser,5.05
2019-11-01,India,Firefox,browser,4.95
2019-12-01,India,Firefox,browser,5.5
2020-01-01,India,Firefox,browser,5.56
2020-02-01,India,Firefox,browser,6.26
2020-03-01,India,Firefox,browser,5.03
2020-04-01,India,Firefox,browser,4.38
2020-05-01,India,Firefox,browser,7.58
2020-06-01,India,Firefox,browser,2.87
2020-07-01,India,Firefox,browser,6.45
2020-08-01,India,Firefox,browser,7.79
2020-09-01,India,Firefox,browser,5.67
2020-10-01,India,Firefox,browser,5.75
2020-11-01,India,Firefox,browser,5.59
2020-12-01,India,Firefox,browser,4.04
2021-01-01,India,Firefox,browser,6.34
2021-02-01,India,Firefox,browser,4.27
2021-03-01,India,Firefox,browser,5.53
2021-04-01,India,Firefox,browser,3.71
2021-05-01,India,Firefox,browser,5.36
2021-06-01,India,Firefox,browser,6.53
2021-07-01,India,Firefox,browser,4.5
2021-08-01,India,Firefox,browser,4.74
2021-09-01,India,Firefox,browser,8.66
2021-10-01,India,Firefox,browser,2.89
2021-11-01,India,Firefox,browser,4.69
2021-12-01,India,Firefox,browser,8.07
2022-01-01,India,Firefox,browser,6.26
2022-02-01,India,Firefox,browser,3.98
2022-03-01,India,Firefox,browser,6.01
2022-04-01,India,Firefox,browser,5.29
2022-05-01,India,Firefox,browser,6.45
2022-06-01,India,Firefox,browser,2.59
2022-07-01,India,Firefox,browser,7.46
2022-08-01,India,Firefox,browser,4.33
2022-09-01,India,Firefox,browser,5.24
2022-10-01,India,Firefox,browser,5.46
2022-11-01,India,Firefox,browser,6.55
2022-12-01,India,Firefox,browser,0.5
2023-01-01,India,Firefox,browser,3.3
2023-02-01,India,Firefox,browser,3.84
2023-03-01,India,Firefox,browser,2.23
2023-04-01,India,Firefox,browser,3.86
2023-05-01,India,Firefox,browser,3.69
2023-06-01,India,Firefox,browser,4.58
2023-07-01,India,Firefox,browser,8.05
2023-08-01,India,Firefox,browser,4.9
2023-09-01,India,Firefox,browser,3.45
2023-10-01,India,Firefox,browser,5.21
2023-11-01,India,Firefox,browser,1.32
2023-12-01,India,Firefox,browser,4.63
2024-01-01,India,Firefox,browser,6.22
2024-02-01,India,Firefox,browser,6.31
2024-03-01,India,Firefox,browser,6.68
2024-04-01,India,Firefox,browser,2.45
2024-05-01,India,Firefox,browser,6.85
2024-06-01,India,Firefox,browser,2.34
2024-07-01,India,Firefox,browser,4.07
2024-08-01,India,Firefox,browser,5.34
2024-09-01,India,Firefox,browser,1.17
2024-10-01,India,Firefox,browser,3.97
2024-11-01,India,Firefox,browser,6.59
2024-12-01,India,Firefox,browser,5.75
2025-01-01,India,Firefox,browser,4.14
2025-02-01,India,Firefox,browser,4.47
2025-03-01,India,Firefox,browser,4.44
2025-04-01,India,Firefox,browser,4.21
2025-05-01,India,Firefox,browser,4.47
2025-06-01,India,Firefox,browser,3.61
2025-07-01,India,Firefox,browser,2.56
2025-08-01,India,Firefox,browser,3.23
2025-09-01,India,Firefox,browser,2.06
2025-10-01,India,Firefox,browser,1.96
2025-11-01,India,Firefox,browser,2.41
2025-12-01,India,Firefox,browser,2.85
2026-01-01,India,Firefox,browser,3.43
2026-02-01,India,Firefox,browser,6.39
2026-03-01,India,Firefox,browser,6.41
2026-04-01,India,Firefox,browser,3.5
2026-05-01,India,Firefox,browser,2.69
2026-06-01,India,Firefox,browser,2.91
2019-01-01,India,Samsung Internet,browser,9.11
2019-02-01,India,Samsung Internet,browser,10.62
2019-03-01,India,Samsung Internet,browser,7.44
2019-04-01,India,Samsung Internet,browser,4.51
2019-05-01,India,Samsung Internet,browser,5.37
2019-06-01,India,Samsung Internet,browser,8.42
2019-07-01,India,Samsung Internet,browser,9.28
2019-08-01,India,Samsung Internet,browser,6.07
2019-09-01,India,Samsung Internet,browser,4.28
2019-10-01,India,Samsung Internet,browser,6.31
2019-11-01,India,Samsung Internet,browser,8.56
2019-12-01,India,Samsung Internet,browser,8.13
2020-01-01,India,Samsung Internet,browser,6.54
2020-02-01,India,Samsung Internet,browser,5.74
2020-03-01,India,Samsung Internet,browser,9.09
2020-04-01,India,Samsung Internet,browser,9.12
2020-05-01,India,Samsung Internet,browser,5.87
2020-06-01,India,Samsung Internet,browser,5.57
2020-07-01,India,Samsung Internet,browser,7.89
2020-08-01,India,Samsung Internet,browser,8.0
2020-09-01,India,Samsung Internet,browser,5.26
2020-10-01,India,Samsung Internet,browser,5.94
2020-11-01,India,Samsung Internet,browser,9.12
2020-12-01,India,Samsung Internet,browser,7.74
2021-01-01,India,Samsung Internet,browser,4.66
2021-02-01,India,Samsung Internet,browser,9.4
2021-03-01,India,Samsung Internet,browser,6.43
2021-04-01,India,Samsung Internet,browser,5.78
2021-05-01,India,Samsung Internet,browser,5.62
2021-06-01,India,Samsung Internet,browser,5.68
2021-07-01,India,Samsung Internet,browser,5.66
2021-08-01,India,Samsung Internet,browser,7.46
2021-09-01,India,Samsung Internet,browser,3.53
2021-10-01,India,Samsung Internet,browser,3.83
2021-11-01,India,Samsung Internet,browser,6.12
2021-12-01,India,Samsung Internet,browser,9.23
2022-01-01,India,Samsung Internet,browser,7.07
2022-02-01,India,Samsung Internet,browser,5.71
2022-03-01,India,Samsung Internet,browser,8.15
2022-04-01,India,Samsung Internet,browser,8.62
2022-05-01,India,Samsung Internet,browser,7.3
2022-06-01,India,Samsung Internet,browser,6.6
2022-07-01,India,Samsung Internet,browser,5.35
2022-08-01,India,Samsung Internet,browser,7.4
2022-09-01,India,Samsung Internet,browser,6.44
2022-10-01,India,Samsung Internet,browser,6.27
2022-11-01,India,Samsung Internet,browser,6.98
2022-12-01,India,Samsung Internet,browser,6.04
2023-01-01,India,Samsung Internet,browser,6.76
2023-02-01,India,Samsung Internet,browser,8.55
2023-03-01,India,Samsung Internet,browser,9.62
2023-04-01,India,Samsung Internet,browser,7.3
2023-05-01,India,Samsung Internet,browser,9.81
2023-06-01,India,Samsung Internet,browser,6.02
2023-07-01,India,Samsung Internet,browser,6.04
2023-08-01,India,Samsung Internet,browser,7.96
2023-09-01,India,Samsung Internet,browser,7.2
2023-10-01,India,Samsung Internet,browser,7.46
2023-11-01,India,Samsung Internet,browser,8.71
2023-12-01,India,Samsung Internet,browser,7.39
2024-01-01,India,Samsung Internet,browser,11.32
2024-02-01,India,Samsung Internet,browser,7.69
2024-03-01,India,Samsung Internet,browser,7.14
2024-04-01,India,Samsung Internet,browser,6.92
2024-05-01,India,Samsung Internet,browser,8.45
2024-06-01,India,Samsung Internet,browser,7.88
2024-07-01,India,Samsung Internet,browser,6.04
2024-08-01,India,Samsung Internet,browser,5.5
2024-09-01,India,Samsung Internet,browser,4.81
2024-10-01,India,Samsung Internet,browser,7.82
2024-11-01,India,Samsung Internet,browser,7.48
2024-12-01,India,Samsung Internet,browser,6.55
2025-01-01,India,Samsung Internet,browser,6.27
2025-02-01,India,Samsung Internet,browser,8.06
2025-03-01,India,Samsung Internet,browser,10.55
2025-04-01,India,Samsung Internet,browser,8.0
2025-05-01,India,Samsung Internet,browser,7.21
2025-06-01,India,Samsung Internet,browser,6.76
2025-07-01,India,Samsung Internet,browser,6.96
2025-08-01,India,Samsung Internet,browser,10.73
2025-09-01,India,Samsung Internet,browser,4.76
2025-10-01,India,Samsung Internet,browser,6.38
2025-11-01,India,Samsung Internet,browser,10.47
2025-12-01,India,Samsung Internet,browser,6.74
2026-01-01,India,Samsung Internet,browser,9.44
2026-02-01,India,Samsung Internet,browser,11.01
2026-03-01,India,Samsung Internet,browser,6.91
2026-04-01,India,Samsung Internet,browser,9.21
2026-05-01,India,Samsung Internet,browser,6.44
2026-06-01,India,Samsung Internet,browser,8.17
2019-01-01,India,Opera,browser,5.09
2019-02-01,India,Opera,browser,3.01
2019-03-01,India,Opera,browser,2.49
2019-04-01,India,Opera,browser,1.91
2019-05-01,India,Opera,browser,5.35
2019-06-01,India,Opera,browser,2.2
2019-07-01,India,Opera,browser,4.75
2019-08-01,India,Opera,browser,2.21
2019-09-01,India,Opera,browser,2.1
2019-10-01,India,Opera,browser,3.21
2019-11-01,India,Opera,browser,2.79
2019-12-01,India,Opera,browser,4.22
2020-01-01,India,Opera,browser,1.63
2020-02-01,India,Opera,browser,4.05
2020-03-01,India,Opera,browser,3.55
2020-04-01,India,Opera,browser,4.13
2020-05-01,India,Opera,browser,3.05
2020-06-01,India,Opera,browser,6.22
2020-07-01,India,Opera,browser,5.59
2020-08-01,India,Opera,browser,5.88
2020-09-01,India,Opera,browser,2.84
2020-10-01,India,Opera,browser,5.66
2020-11-01,India,Opera,browser,4.11
2020-12-01,India,Opera,browser,4.18
2021-01-01,India,Opera,browser,4.31
2021-02-01,India,Opera,browser,5.32
2021-03-01,India,Opera,browser,0.99
2021-04-01,India,Opera,browser,7.45
2021-05-01,India,Opera,browser,5.81
2021-06-01,India,Opera,browser,6.01
2021-07-01,India,Opera,browser,5.53
2021-08-01,India,Opera,browser,5.0
2021-09-01,India,Opera,browser,2.18
2021-10-01,India,Opera,browser,3.69
2021-11-01,India,Opera,browser,0.54
2021-12-01,India,Opera,browser,6.09
2022-01-01,India,Opera,browser,1.71
2022-02-01,India,Opera,browser,6.27
2022-03-01,India,Opera,browser,4.74
2022-04-01,India,Opera,browser,0.82
2022-05-01,India,Opera,browser,5.16
2022-06-01,India,Opera,browser,4.41
2022-07-01,India,Opera,browser,4.74
2022-08-01,India,Opera,browser,3.56
2022-09-01,India,Opera,browser,5.72
2022-10-01,India,Opera,browser,5.08
2022-11-01,India,Opera,browser,2.25
2022-12-01,India,Opera,browser,1.98
2023-01-01,India,Opera,browser,3.7
2023-02-01,India,Opera,browser,4.36
2023-03-01,India,Opera,browser,3.23
2023-04-01,India,Opera,browser,3.93
2023-05-01,India,Opera,browser,6.41
2023-06-01,India,Opera,browser,2.18
2023-07-01,India,Opera,browser,6.43
2023-08-01,India,Opera,browser,4.69
2023-09-01,India,Opera,browser,5.01
2023-10-01,India,Opera,browser,4.56
2023-11-01,India,Opera,browser,3.23
2023-12-01,India,Opera,browser,4.07
2024-01-01,India,Opera,browser,3.74
2024-02-01,India,Opera,browser,6.73
2024-03-01,India,Opera,browser,2.79
2024-04-01,India,Opera,browser,3.32
2024-05-01,India,Opera,browser,6.04
2024-06-01,India,Opera,browser,1.84
2024-07-01,India,Opera,browser,2.47
2024-08-01,India,Opera,browser,5.16
2024-09-01,India,Opera,browser,4.28
2024-10-01,India,Opera,browser,3.25
2024-11-01,India,Opera,browser,3.65
2024-12-01,India,Opera,browser,5.56
2025-01-01,India,Opera,browser,5.62
2025-02-01,India,Opera,browser,2.35
2025-03-01,India,Opera,browser,5.09
2025-04-01,India,Opera,browser,3.85
2025-05-01,India,Opera,browser,5.58
2025-06-01,India,Opera,browser,3.97
2025-07-01,India,Opera,browser,6.27
2025-08-01,India,Opera,browser,4.44
2025-09-01,India,Opera,browser,4.99
2025-10-01,India,Opera,browser,3.04
2025-11-01,India,Opera,browser,4.5
2025-12-01,India,Opera,browser,4.85
2026-01-01,India,Opera,browser,3.38
2026-02-01,India,Opera,browser,5.29
2026-03-01,India,Opera,browser,4.69
2026-04-01,India,Opera,browser,6.52
2026-05-01,India,Opera,browser,5.63
2026-06-01,India,Opera,browser,5.05
2019-01-01,Worldwide,Chrome,browser,56.08
2019-02-01,Worldwide,Chrome,browser,57.75
2019-03-01,Worldwide,Chrome,browser,53.85
2019-04-01,Worldwide,Chrome,browser,59.4
2019-05-01,Worldwide,Chrome,browser,58.2
2019-06-01,Worldwide,Chrome,browser,57.54
2019-07-01,Worldwide,Chrome,browser,53.52
2019-08-01,Worldwide,Chrome,browser,55.55
2019-09-01,Worldwide,Chrome,browser,51.19
2019-10-01,Worldwide,Chrome,browser,52.1
2019-11-01,Worldwide,Chrome,browser,50.61
2019-12-01,Worldwide,Chrome,browser,51.86
2020-01-01,Worldwide,Chrome,browser,53.02
2020-02-01,Worldwide,Chrome,browser,55.49
2020-03-01,Worldwide,Chrome,browser,54.99
2020-04-01,Worldwide,Chrome,browser,59.1
2020-05-01,Worldwide,Chrome,browser,57.8
2020-06-01,Worldwide,Chrome,browser,54.66
2020-07-01,Worldwide,Chrome,browser,55.91
2020-08-01,Worldwide,Chrome,browser,51.98
2020-09-01,Worldwide,Chrome,browser,50.14
2020-10-01,Worldwide,Chrome,browser,50.17
2020-11-01,Worldwide,Chrome,browser,53.09
2020-12-01,Worldwide,Chrome,browser,54.75
2021-01-01,Worldwide,Chrome,browser,56.97
2021-02-01,Worldwide,Chrome,browser,55.74
2021-03-01,Worldwide,Chrome,browser,56.31
2021-04-01,Worldwide,Chrome,browser,56.14
2021-05-01,Worldwide,Chrome,browser,57.44
2021-06-01,Worldwide,Chrome,browser,55.45
2021-07-01,Worldwide,Chrome,browser,54.4
2021-08-01,Worldwide,Chrome,browser,53.88
2021-09-01,Worldwide,Chrome,browser,50.1
2021-10-01,Worldwide,Chrome,browser,49.49
2021-11-01,Worldwide,Chrome,browser,50.6
2021-12-01,Worldwide,Chrome,browser,50.72
2022-01-01,Worldwide,Chrome,browser,53.05
2022-02-01,Worldwide,Chrome,browser,55.51
2022-03-01,Worldwide,Chrome,browser,56.26
2022-04-01,Worldwide,Chrome,browser,56.26
2022-05-01,Worldwide,Chrome,browser,56.49
2022-06-01,Worldwide,Chrome,browser,56.11
2022-07-01,Worldwide,Chrome,browser,49.77
2022-08-01,Worldwide,Chrome,browser,51.69
2022-09-01,Worldwide,Chrome,browser,46.86
2022-10-01,Worldwide,Chrome,browser,50.6
2022-11-01,Worldwide,Chrome,browser,50.74
2022-12-01,Worldwide,Chrome,browser,51.09
2023-01-01,Worldwide,Chrome,browser,49.39
2023-02-01,Worldwide,Chrome,browser,54.27
2023-03-01,Worldwide,Chrome,browser,54.59
2023-04-01,Worldwide,Chrome,browser,55.86
2023-05-01,Worldwide,Chrome,browser,56.37
2023-06-01,Worldwide,Chrome,browser,55.26
2023-07-01,Worldwide,Chrome,browser,55.32
2023-08-01,Worldwide,Chrome,browser,49.4
2023-09-01,Worldwide,Chrome,browser,45.7
2023-10-01,Worldwide,Chrome,browser,48.24
2023-11-01,Worldwide,Chrome,browser,49.57
2023-12-01,Worldwide,Chrome,browser,51.33
2024-01-01,Worldwide,Chrome,browser,52.4
2024-02-01,Worldwide,Chrome,browser,52.45
2024-03-01,Worldwide,Chrome,browser,56.28
2024-04-01,Worldwide,Chrome,browser,54.53
2024-05-01,Worldwide,Chrome,browser,54.41
2024-06-01,Worldwide,Chrome,browser,55.02
2024-07-01,Worldwide,Chrome,browser,56.38
2024-08-01,Worldwide,Chrome,browser,50.22
2024-09-01,Worldwide,Chrome,browser,51.33
2024-10-01,Worldwide,Chrome,browser,49.7
2024-11-01,Worldwide,Chrome,browser,47.49
2024-12-01,Worldwide,Chrome,browser,52.11
2025-01-01,Worldwide,Chrome,browser,50.24
2025-02-01,Worldwide,Chrome,browser,53.83
2025-03-01,Worldwide,Chrome,browser,55.31
2025-04-01,Worldwide,Chrome,browser,53.79
2025-05-01,Worldwide,Chrome,browser,53.63
2025-06-01,Worldwide,Chrome,browser,53.34
2025-07-01,Worldwide,Chrome,browser,50.39
2025-08-01,Worldwide,Chrome,browser,51.21
2025-09-01,Worldwide,Chrome,browser,50.44
2025-10-01,Worldwide,Chrome,browser,45.54
2025-11-01,Worldwide,Chrome,browser,49.68
2025-12-01,Worldwide,Chrome,browser,51.19
2026-01-01,Worldwide,Chrome,browser,51.38
2026-02-01,Worldwide,Chrome,browser,53.11
2026-03-01,Worldwide,Chrome,browser,54.25
2026-04-01,Worldwide,Chrome,browser,54.18
2026-05-01,Worldwide,Chrome,browser,54.5
2026-06-01,Worldwide,Chrome,browser,53.58
2019-01-01,Worldwide,Safari,browser,20.91
2019-02-01,Worldwide,Safari,browser,19.12
2019-03-01,Worldwide,Safari,browser,23.05
2019-04-01,Worldwide,Safari,browser,19.26
2019-05-01,Worldwide,Safari,browser,22.3
2019-06-01,Worldwide,Safari,browser,18.03
2019-07-01,Worldwide,Safari,browser,21.28
2019-08-01,Worldwide,Safari,browser,18.24
2019-09-01,Worldwide,Safari,browser,19.44
2019-10-01,Worldwide,Safari,browser,16.19
2019-11-01,Worldwide,Safari,browser,20.25
2019-12-01,Worldwide,Safari,browser,19.77
2020-01-01,Worldwide,Safari,browser,23.1
2020-02-01,Worldwide,Safari,browser,23.56
2020-03-01,Worldwide,Safari,browser,21.38
2020-04-01,Worldwide,Safari,browser,22.82
2020-05-01,Worldwide,Safari,browser,20.68
2020-06-01,Worldwide,Safari,browser,22.41
2020-07-01,Worldwide,Safari,browser,20.76
2020-08-01,Worldwide,Safari,browser,22.77
2020-09-01,Worldwide,Safari,browser,18.2
2020-10-01,Worldwide,Safari,browser,19.31
2020-11-01,Worldwide,Safari,browser,18.96
2020-12-01,Worldwide,Safari,browser,19.62
2021-01-01,Worldwide,Safari,browser,19.73
2021-02-01,Worldwide,Safari,browser,22.29
2021-03-01,Worldwide,Safari,browser,20.26
2021-04-01,Worldwide,Safari,browser,19.07
2021-05-01,Worldwide,Safari,browser,19.32
2021-06-01,Worldwide,Safari,browser,19.11
2021-07-01,Worldwide,Safari,browser,18.84
2021-08-01,Worldwide,Safari,browser,19.38
2021-09-01,Worldwide,Safari,browser,17.75
2021-10-01,Worldwide,Safari,browser,16.8
2021-11-01,Worldwide,Safari,browser,20.91
2021-12-01,Worldwide,Safari,browser,18.6
2022-01-01,Worldwide,Safari,browser,21.05
2022-02-01,Worldwide,Safari,browser,20.81
2022-03-01,Worldwide,Safari,browser,20.27
2022-04-01,Worldwide,Safari,browser,23.7
2022-05-01,Worldwide,Safari,browser,21.59
2022-06-01,Worldwide,Safari,browser,19.67
2022-07-01,Worldwide,Safari,browser,19.57
2022-08-01,Worldwide,Safari,browser,20.01
2022-09-01,Worldwide,Safari,browser,19.55
2022-10-01,Worldwide,Safari,browser,20.34
2022-11-01,Worldwide,Safari,browser,20.68
2022-12-01,Worldwide,Safari,browser,20.34
2023-01-01,Worldwide,Safari,browser,22.41
2023-02-01,Worldwide,Safari,browser,17.93
2023-03-01,Worldwide,Safari,browser,19.73
2023-04-01,Worldwide,Safari,browser,20.99
2023-05-01,Worldwide,Safari,browser,22.23
2023-06-01,Worldwide,Safari,browser,18.35
2023-07-01,Worldwide,Safari,browser,18.18
2023-08-01,Worldwide,Safari,browser,16.48
2023-09-01,Worldwide,Safari,browser,16.67
2023-10-01,Worldwide,Safari,browser,18.22
2023-11-01,Worldwide,Safari,browser,19.94
2023-12-01,Worldwide,Safari,browser,18.96
2024-01-01,Worldwide,Safari,browser,21.71
2024-02-01,Worldwide,Safari,browser,19.87
2024-03-01,Worldwide,Safari,browser,22.91
2024-04-01,Worldwide,Safari,browser,21.43
2024-05-01,Worldwide,Safari,browser,21.32
2024-06-01,Worldwide,Safari,browser,21.18
2024-07-01,Worldwide,Safari,browser,20.36
2024-08-01,Worldwide,Safari,browser,19.76
2024-09-01,Worldwide,Safari,browser,20.09
2024-10-01,Worldwide,Safari,browser,18.51
2024-11-01,Worldwide,Safari,browser,19.27
2024-12-01,Worldwide,Safari,browser,19.97
2025-01-01,Worldwide,Safari,browser,19.97
2025-02-01,Worldwide,Safari,browser,18.38
2025-03-01,Worldwide,Safari,browser,20.36
2025-04-01,Worldwide,Safari,browser,21.28
2025-05-01,Worldwide,Safari,browser,20.57
2025-06-01,Worldwide,Safari,browser,20.55
2025-07-01,Worldwide,Safari,browser,16.69
2025-08-01,Worldwide,Safari,browser,20.38
2025-09-01,Worldwide,Safari,browser,20.98
2025-10-01,Worldwide,Safari,browser,19.9
2025-11-01,Worldwide,Safari,browser,18.28
2025-12-01,Worldwide,Safari,browser,20.93
2026-01-01,Worldwide,Safari,browser,21.17
2026-02-01,Worldwide,Safari,browser,18.06
2026-03-01,Worldwide,Safari,browser,20.78
2026-04-01,Worldwide,Safari,browser,22.46
2026-05-01,Worldwide,Safari,browser,21.53
2026-06-01,Worldwide,Safari,browser,21.09
2019-01-01,Worldwide,Edge,browser,7.06
2019-02-01,Worldwide,Edge,browser,7.67
2019-03-01,Worldwide,Edge,browser,9.34
2019-04-01,Worldwide,Edge,browser,7.39
2019-05-01,Worldwide,Edge,browser,7.56
2019-06-01,Worldwide,Edge,browser,8.26
2019-07-01,Worldwide,Edge,browser,11.24
2019-08-01,Worldwide,Edge,browser,8.16
2019-09-01,Worldwide,Edge,browser,9.85
2019-10-01,Worldwide,Edge,browser,8.11
2019-11-01,Worldwide,Edge,browser,8.06
2019-12-01,Worldwide,Edge,browser,7.74
2020-01-01,Worldwide,Edge,browser,11.17
2020-02-01,Worldwide,Edge,browser,8.69
2020-03-01,Worldwide,Edge,browser,8.86
2020-04-01,Worldwide,Edge,browser,8.06
2020-05-01,Worldwide,Edge,browser,9.97
2020-06-01,Worldwide,Edge,browser,9.06
2020-07-01,Worldwide,Edge,browser,7.29
2020-08-01,Worldwide,Edge,browser,7.94
2020-09-01,Worldwide,Edge,browser,8.24
2020-10-01,Worldwide,Edge,browser,6.74
2020-11-01,Worldwide,Edge,browser,9.94
2020-12-01,Worldwide,Edge,browser,7.32
2021-01-01,Worldwide,Edge,browser,9.06
2021-02-01,Worldwide,Edge,browser,11.93
2021-03-01,Worldwide,Edge,browser,9.49
2021-04-01,Worldwide,Edge,browser,9.33
2021-05-01,Worldwide,Edge,browser,9.16
2021-06-01,Worldwide,Edge,browser,6.07
2021-07-01,Worldwide,Edge,browser,8.43
2021-08-01,Worldwide,Edge,browser,9.4
2021-09-01,Worldwide,Edge,browser,10.21
2021-10-01,Worldwide,Edge,browser,6.74
2021-11-01,Worldwide,Edge,browser,9.08
2021-12-01,Worldwide,Edge,browser,5.43
2022-01-01,Worldwide,Edge,browser,9.79
2022-02-01,Worldwide,Edge,browser,9.71
2022-03-01,Worldwide,Edge,browser,7.65
2022-04-01,Worldwide,Edge,browser,4.93
2022-05-01,Worldwide,Edge,browser,7.22
2022-06-01,Worldwide,Edge,browser,9.33
2022-07-01,Worldwide,Edge,browser,7.26
2022-08-01,Worldwide,Edge,browser,7.78
2022-09-01,Worldwide,Edge,browser,9.49
2022-10-01,Worldwide,Edge,browser,11.45
2022-11-01,Worldwide,Edge,browser,8.79
2022-12-01,Worldwide,Edge,browser,9.14
2023-01-01,Worldwide,Edge,browser,10.22
2023-02-01,Worldwide,Edge,browser,10.14
2023-03-01,Worldwide,Edge,browser,10.63
2023-04-01,Worldwide,Edge,browser,10.17
2023-05-01,Worldwide,Edge,browser,6.87
2023-06-01,Worldwide,Edge,browser,9.64
2023-07-01,Worldwide,Edge,browser,9.31
2023-08-01,Worldwide,Edge,browser,12.42
2023-09-01,Worldwide,Edge,browser,9.34
2023-10-01,Worldwide,Edge,browser,8.18
2023-11-01,Worldwide,Edge,browser,8.52
2023-12-01,Worldwide,Edge,browser,9.91
2024-01-01,Worldwide,Edge,browser,9.97
2024-02-01,Worldwide,Edge,browser,8.03
2024-03-01,Worldwide,Edge,browser,10.99
2024-04-01,Worldwide,Edge,browser,11.64
2024-05-01,Worldwide,Edge,browser,11.75
2024-06-01,Worldwide,Edge,browser,11.04
2024-07-01,Worldwide,Edge,browser,8.64
2024-08-01,Worldwide,Edge,browser,8.27
2024-09-01,Worldwide,Edge,browser,7.92
2024-10-01,Worldwide,Edge,browser,8.93
2024-11-01,Worldwide,Edge,browser,9.65
2024-12-01,Worldwide,Edge,browser,10.55
2025-01-01,Worldwide,Edge,browser,13.43
2025-02-01,Worldwide,Edge,browser,9.08
2025-03-01,Worldwide,Edge,browser,11.82
2025-04-01,Worldwide,Edge,browser,13.18
2025-05-01,Worldwide,Edge,browser,13.0
2025-06-01,Worldwide,Edge,browser,9.88
2025-07-01,Worldwide,Edge,browser,8.22
2025-08-01,Worldwide,Edge,browser,10.47
2025-09-01,Worldwide,Edge,browser,8.49
2025-10-01,Worldwide,Edge,browser,10.76
2025-11-01,Worldwide,Edge,browser,10.11
2025-12-01,Worldwide,Edge,browser,9.71
2026-01-01,Worldwide,Edge,browser,12.2
2026-02-01,Worldwide,Edge,browser,12.1
2026-03-01,Worldwide,Edge,browser,8.24
2026-04-01,Worldwide,Edge,browser,9.17
2026-05-01,Worldwide,Edge,browser,10.85
2026-06-01,Worldwide,Edge,browser,11.55
2019-01-01,Worldwide,Firefox,browser,6.36
2019-02-01,Worldwide,Firefox,browser,4.43
2019-03-01,Worldwide,Firefox,browser,5.9
2019-04-01,Worldwide,Firefox,browser,6.14
2019-05-01,Worldwide,Firefox,browser,5.06
2019-06-01,Worldwide,Firefox,browser,7.8
2019-07-01,Worldwide,Firefox,browser,3.52
2019-08-01,Worldwide,Firefox,browser,4.95
2019-09-01,Worldwide,Firefox,browser,6.0
2019-10-01,Worldwide,Firefox,browser,5.62
2019-11-01,Worldwide,Firefox,browser,6.09
2019-12-01,Worldwide,Firefox,browser,6.92
2020-01-01,Worldwide,Firefox,browser,3.8
2020-02-01,Worldwide,Firefox,browser,7.46
2020-03-01,Worldwide,Firefox,browser,7.07
2020-04-01,Worldwide,Firefox,browser,7.64
2020-05-01,Worldwide,Firefox,browser,8.54
2020-06-01,Worldwide,Firefox,browser,5.42
2020-07-01,Worldwide,Firefox,browser,5.87
2020-08-01,Worldwide,Firefox,browser,3.28
2020-09-01,Worldwide,Firefox,browser,6.0
2020-10-01,Worldwide,Firefox,browser,5.5
2020-11-01,Worldwide,Firefox,browser,8.13
2020-12-01,Worldwide,Firefox,browser,5.8
2021-01-01,Worldwide,Firefox,browser,5.9
2021-02-01,Worldwide,Firefox,browser,5.68
2021-03-01,Worldwide,Firefox,browser,9.04
2021-04-01,Worldwide,Firefox,browser,9.44
2021-05-01,Worldwide,Firefox,browser,3.81
2021-06-01,Worldwide,Firefox,browser,5.51
2021-07-01,Worldwide,Firefox,browser,4.73
2021-08-01,Worldwide,Firefox,browser,4.98
2021-09-01,Worldwide,Firefox,browser,6.21
2021-10-01,Worldwide,Firefox,browser,4.41
2021-11-01,Worldwide,Firefox,browser,6.12
2021-12-01,Worldwide,Firefox,browser,5.99
2022-01-01,Worldwide,Firefox,browser,2.8
2022-02-01,Worldwide,Firefox,browser,6.87
2022-03-01,Worldwide,Firefox,browser,7.89
2022-04-01,Worldwide,Firefox,browser,2.27
2022-05-01,Worldwide,Firefox,browser,2.55
2022-06-01,Worldwide,Firefox,browser,4.84
2022-07-01,Worldwide,Firefox,browser,4.78
2022-08-01,Worldwide,Firefox,browser,4.69
2022-09-01,Worldwide,Firefox,browser,4.57
2022-10-01,Worldwide,Firefox,browser,2.69
2022-11-01,Worldwide,Firefox,browser,4.28
2022-12-01,Worldwide,Firefox,browser,3.87
2023-01-01,Worldwide,Firefox,browser,3.6
2023-02-01,Worldwide,Firefox,browser,4.61
2023-03-01,Worldwide,Firefox,browser,2.36
2023-04-01,Worldwide,Firefox,browser,5.4
2023-05-01,Worldwide,Firefox,browser,2.37
2023-06-01,Worldwide,Firefox,browser,2.23
2023-07-01,Worldwide,Firefox,browser,6.48
2023-08-01,Worldwide,Firefox,browser,2.41
2023-09-01,Worldwide,Firefox,browser,4.62
2023-10-01,Worldwide,Firefox,browser,4.23
2023-11-01,Worldwide,Firefox,browser,4.13
2023-12-01,Worldwide,Firefox,browser,2.16
2024-01-01,Worldwide,Firefox,browser,5.18
2024-02-01,Worldwide,Firefox,browser,3.11
2024-03-01,Worldwide,Firefox,browser,4.3
2024-04-01,Worldwide,Firefox,browser,5.36
2024-05-01,Worldwide,Firefox,browser,6.3
2024-06-01,Worldwide,Firefox,browser,4.4
2024-07-01,Worldwide,Firefox,browser,2.79
2024-08-01,Worldwide,Firefox,browser,5.22
2024-09-01,Worldwide,Firefox,browser,4.07
2024-10-01,Worldwide,Firefox,browser,5.25
2024-11-01,Worldwide,Firefox,browser,5.82
2024-12-01,Worldwide,Firefox,browser,4.48
2025-01-01,Worldwide,Firefox,browser,0.83
2025-02-01,Worldwide,Firefox,browser,2.71
2025-03-01,Worldwide,Firefox,browser,3.37
2025-04-01,Worldwide,Firefox,browser,1.85
2025-05-01,Worldwide,Firefox,browser,4.37
2025-06-01,Worldwide,Firefox,browser,2.98
2025-07-01,Worldwide,Firefox,browser,3.56
2025-08-01,Worldwide,Firefox,browser,6.67
2025-09-01,Worldwide,Firefox,browser,1.88
2025-10-01,Worldwide,Firefox,browser,4.23
2025-11-01,Worldwide,Firefox,browser,3.25
2025-12-01,Worldwide,Firefox,browser,3.3
2026-01-01,Worldwide,Firefox,browser,3.04
2026-02-01,Worldwide,Firefox,browser,2.74
2026-03-01,Worldwide,Firefox,browser,3.54
2026-04-01,Worldwide,Firefox,browser,1.91
2026-05-01,Worldwide,Firefox,browser,2.05
2026-06-01,Worldwide,Firefox,browser,1.66
2019-01-01,Worldwide,Samsung Internet,browser,4.05
2019-02-01,Worldwide,Samsung Internet,browser,5.59
2019-03-01,Worldwide,Samsung Internet,browser,7.87
2019-04-01,Worldwide,Samsung Internet,browser,5.26
2019-05-01,Worldwide,Samsung Internet,browser,7.53
2019-06-01,Worldwide,Samsung Internet,browser,9.01
2019-07-01,Worldwide,Samsung Internet,browser,8.41
2019-08-01,Worldwide,Samsung Internet,browser,5.05
2019-09-01,Worldwide,Samsung Internet,browser,10.07
2019-10-01,Worldwide,Samsung Internet,browser,7.66
2019-11-01,Worldwide,Samsung Internet,browser,7.0
2019-12-01,Worldwide,Samsung Internet,browser,6.71
2020-01-01,Worldwide,Samsung Internet,browser,7.97
2020-02-01,Worldwide,Samsung Internet,browser,11.05
2020-03-01,Worldwide,Samsung Internet,browser,4.6
2020-04-01,Worldwide,Samsung Internet,browser,7.04
2020-05-01,Worldwide,Samsung Internet,browser,7.26
2020-06-01,Worldwide,Samsung Internet,browser,7.28
2020-07-01,Worldwide,Samsung Internet,browser,7.53
2020-08-01,Worldwide,Samsung Internet,browser,7.57
2020-09-01,Worldwide,Samsung Internet,browser,7.7
2020-10-01,Worldwide,Samsung Internet,browser,6.97
2020-11-01,Worldwide,Samsung Internet,browser,4.78
2020-12-01,Worldwide,Samsung Internet,browser,4.07
2021-01-01,Worldwide,Samsung Internet,browser,6.96
2021-02-01,Worldwide,Samsung Internet,browser,6.51
2021-03-01,Worldwide,Samsung Internet,browser,6.99
2021-04-01,Worldwide,Samsung Internet,browser,5.28
2021-05-01,Worldwide,Samsung Internet,browser,3.27
2021-06-01,Worldwide,Samsung Internet,browser,5.49
2021-07-01,Worldwide,Samsung Internet,browser,7.18
2021-08-01,Worldwide,Samsung Internet,browser,7.15
2021-09-01,Worldwide,Samsung Internet,browser,8.04
2021-10-01,Worldwide,Samsung Internet,browser,5.19
2021-11-01,Worldwide,Samsung Internet,browser,5.95
2021-12-01,Worldwide,Samsung Internet,browser,5.65
2022-01-01,Worldwide,Samsung Internet,browser,5.47
2022-02-01,Worldwide,Samsung Internet,browser,6.61
2022-03-01,Worldwide,Samsung Internet,browser,6.6
2022-04-01,Worldwide,Samsung Internet,browser,7.37
2022-05-01,Worldwide,Samsung Internet,browser,9.06
2022-06-01,Worldwide,Samsung Internet,browser,8.49
2022-07-01,Worldwide,Samsung Internet,browser,5.4
2022-08-01,Worldwide,Samsung Internet,browser,10.5
2022-09-01,Worldwide,Samsung Internet,browser,5.46
2022-10-01,Worldwide,Samsung Internet,browser,6.49
2022-11-01,Worldwide,Samsung Internet,browser,7.81
2022-12-01,Worldwide,Samsung Internet,browser,5.78
2023-01-01,Worldwide,Samsung Internet,browser,5.84
2023-02-01,Worldwide,Samsung Internet,browser,9.16
2023-03-01,Worldwide,Samsung Internet,browser,4.1
2023-04-01,Worldwide,Samsung Internet,browser,9.49
2023-05-01,Worldwide,Samsung Internet,browser,6.25
2023-06-01,Worldwide,Samsung Internet,browser,8.89
2023-07-01,Worldwide,Samsung Internet,browser,7.16
2023-08-01,Worldwide,Samsung Internet,browser,7.04
2023-09-01,Worldwide,Samsung Internet,browser,6.29
2023-10-01,Worldwide,Samsung Internet,browser,8.39
2023-11-01,Worldwide,Samsung Internet,browser,8.13
2023-12-01,Worldwide,Samsung Internet,browser,7.35
2024-01-01,Worldwide,Samsung Internet,browser,9.89
2024-02-01,Worldwide,Samsung Internet,browser,7.32
2024-03-01,Worldwide,Samsung Internet,browser,7.0
2024-04-01,Worldwide,Samsung Internet,browser,10.6
2024-05-01,Worldwide,Samsung Internet,browser,9.27
2024-06-01,Worldwide,Samsung Internet,browser,7.07
2024-07-01,Worldwide,Samsung Internet,browser,5.04
2024-08-01,Worldwide,Samsung Internet,browser,5.33
2024-09-01,Worldwide,Samsung Internet,browser,4.75
2024-10-01,Worldwide,Samsung Internet,browser,7.19
2024-11-01,Worldwide,Samsung Internet,browser,5.49
2024-12-01,Worldwide,Samsung Internet,browser,7.05
2025-01-01,Worldwide,Samsung Internet,browser,7.9
2025-02-01,Worldwide,Samsung Internet,browser,7.91
2025-03-01,Worldwide,Samsung Internet,browser,9.03
2025-04-01,Worldwide,Samsung Internet,browser,7.43
2025-05-01,Worldwide,Samsung Internet,browser,8.44
2025-06-01,Worldwide,Samsung Internet,browser,5.16
2025-07-01,Worldwide,Samsung Internet,browser,8.9
2025-08-01,Worldwide,Samsung Internet,browser,3.89
2025-09-01,Worldwide,Samsung Internet,browser,7.69
2025-10-01,Worldwide,Samsung Internet,browser,7.67
2025-11-01,Worldwide,Samsung Internet,browser,6.86
2025-12-01,Worldwide,Samsung Internet,browser,7.14
2026-01-01,Worldwide,Samsung Internet,browser,7.93
2026-02-01,Worldwide,Samsung Internet,browser,7.18
2026-03-01,Worldwide,Samsung Internet,browser,9.11
2026-04-01,Worldwide,Samsung Internet,browser,10.55
2026-05-01,Worldwide,Samsung Internet,browser,8.84
2026-06-01,Worldwide,Samsung Internet,browser,8.79
2019-01-01,Worldwide,Opera,browser,1.55
2019-02-01,Worldwide,Opera,browser,4.18
2019-03-01,Worldwide,Opera,browser,4.6
2019-04-01,Worldwide,Opera,browser,4.93
2019-05-01,Worldwide,Opera,browser,4.68
2019-06-01,Worldwide,Opera,browser,4.99
2019-07-01,Worldwide,Opera,browser,4.04
2019-08-01,Worldwide,Opera,browser,5.75
2019-09-01,Worldwide,Opera,browser,4.33
2019-10-01,Worldwide,Opera,browser,4.88
2019-11-01,Worldwide,Opera,browser,3.28
2019-12-01,Worldwide,Opera,browser,4.15
2020-01-01,Worldwide,Opera,browser,4.59
2020-02-01,Worldwide,Opera,browser,1.71
2020-03-01,Worldwide,Opera,browser,2.64
2020-04-01,Worldwide,Opera,browser,6.48
2020-05-01,Worldwide,Opera,browser,5.0
2020-06-01,Worldwide,Opera,browser,4.89
2020-07-01,Worldwide,Opera,browser,6.23
2020-08-01,Worldwide,Opera,browser,1.13
2020-09-01,Worldwide,Opera,browser,2.76
2020-10-01,Worldwide,Opera,browser,2.61
2020-11-01,Worldwide,Opera,browser,2.2
2020-12-01,Worldwide,Opera,browser,3.56
2021-01-01,Worldwide,Opera,browser,3.9
2021-02-01,Worldwide,Opera,browser,3.95
2021-03-01,Worldwide,Opera,browser,7.48
2021-04-01,Worldwide,Opera,browser,7.87
2021-05-01,Worldwide,Opera,browser,4.0
2021-06-01,Worldwide,Opera,browser,3.28
2021-07-01,Worldwide,Opera,browser,4.2
2021-08-01,Worldwide,Opera,browser,0.66
2021-09-01,Worldwide,Opera,browser,1.61
2021-10-01,Worldwide,Opera,browser,2.8
2021-11-01,Worldwide,Opera,browser,3.63
2021-12-01,Worldwide,Opera,browser,2.94
2022-01-01,Worldwide,Opera,browser,4.26
2022-02-01,Worldwide,Opera,browser,4.99
2022-03-01,Worldwide,Opera,browser,4.51
2022-04-01,Worldwide,Opera,browser,5.42
2022-05-01,Worldwide,Opera,browser,4.38
2022-06-01,Worldwide,Opera,browser,2.47
2022-07-01,Worldwide,Opera,browser,2.53
2022-08-01,Worldwide,Opera,browser,5.08
2022-09-01,Worldwide,Opera,browser,6.31
2022-10-01,Worldwide,Opera,browser,5.23
2022-11-01,Worldwide,Opera,browser,2.18
2022-12-01,Worldwide,Opera,browser,5.65
2023-01-01,Worldwide,Opera,browser,3.85
2023-02-01,Worldwide,Opera,browser,5.69
2023-03-01,Worldwide,Opera,browser,1.45
2023-04-01,Worldwide,Opera,browser,3.44
2023-05-01,Worldwide,Opera,browser,2.93
2023-06-01,Worldwide,Opera,browser,6.3
2023-07-01,Worldwide,Opera,browser,3.79
2023-08-01,Worldwide,Opera,browser,0.5
2023-09-01,Worldwide,Opera,browser,5.32
2023-10-01,Worldwide,Opera,browser,3.7
2023-11-01,Worldwide,Opera,browser,3.51
2023-12-01,Worldwide,Opera,browser,4.87
2024-01-01,Worldwide,Opera,browser,5.51
2024-02-01,Worldwide,Opera,browser,0.85
2024-03-01,Worldwide,Opera,browser,4.4
2024-04-01,Worldwide,Opera,browser,5.86
2024-05-01,Worldwide,Opera,browser,2.99
2024-06-01,Worldwide,Opera,browser,4.88
2024-07-01,Worldwide,Opera,browser,3.68
2024-08-01,Worldwide,Opera,browser,6.25
2024-09-01,Worldwide,Opera,browser,4.4
2024-10-01,Worldwide,Opera,browser,5.17
2024-11-01,Worldwide,Opera,browser,3.85
2024-12-01,Worldwide,Opera,browser,4.94
2025-01-01,Worldwide,Opera,browser,3.55
2025-02-01,Worldwide,Opera,browser,5.8
2025-03-01,Worldwide,Opera,browser,4.77
2025-04-01,Worldwide,Opera,browser,3.94
2025-05-01,Worldwide,Opera,browser,5.4
2025-06-01,Worldwide,Opera,browser,5.38
2025-07-01,Worldwide,Opera,browser,5.27
2025-08-01,Worldwide,Opera,browser,2.56
2025-09-01,Worldwide,Opera,browser,5.0
2025-10-01,Worldwide,Opera,browser,5.27
2025-11-01,Worldwide,Opera,browser,5.18
2025-12-01,Worldwide,Opera,browser,7.01
2026-01-01,Worldwide,Opera,browser,3.93
2026-02-01,Worldwide,Opera,browser,2.74
2026-03-01,Worldwide,Opera,browser,3.49
2026-04-01,Worldwide,Opera,browser,2.84
2026-05-01,Worldwide,Opera,browser,5.71
2026-06-01,Worldwide,Opera,browser,4.4
